canonical_id,method,path,family,story_status,test_ref_count,consumer_ref_count,test_refs,consumer_refs,next_action
BACKEND-API-001,GET,/api/health,Health and deploy smoke,Retest passed,2,8,C:\Users\kiwun\Documents\ai\POKROV-app\packages\app_shell\test\app_first_runtime_bootstrap_test.dart; tests\test_remote_deploy_brain_static_sites.py,scripts\brain_runtime_app_download_smoke.py; scripts\remote_brain_patch_caddy_webapp_api_proxy.py; scripts\remote_deploy_brain_static_sites.py; scripts\remote_prepare_brain_public.py; scripts\ru_probe_runner.py; scripts\smoke_client_apps.py; scripts\verify_brain_ready.py; webapp\src\lib\api.ts,Keep covered in regression suite; add narrower route test when behavior changes.
BACKEND-API-002,POST,/api/internal/observer/batches,Observer ingestion,Retest passed,2,2,tests\test_collect_xray_observer.py; tests\test_observer_api.py,scripts\collect_xray_observer.py; scripts\remote_install_node_observer.py,Keep covered in regression suite; add narrower route test when behavior changes.
BACKEND-API-003,GET,/api/public/plans,Public content and social proof,Retest passed,2,1,tests\test_api_payments_callbacks.py; webapp\e2e\cabinet-flow.spec.ts,webapp\src\lib\api.ts,Keep covered in regression suite; add narrower route test when behavior changes.
BACKEND-API-004,GET,/api/public/catalog,Public content and social proof,Retest passed,1,1,tests\test_backend_route_gap_coverage.py,webapp\src\lib\api.ts,Keep covered in regression suite; add narrower route test when behavior changes.
BACKEND-API-005,GET,/api/public/live-updates,Public content and social proof,Retest passed,1,1,tests\test_api_payments_callbacks.py,webapp\src\lib\api.ts,Keep covered in regression suite; add narrower route test when behavior changes.
BACKEND-API-006,POST,/api/auth/telegram/web-login,Telegram auth and OIDC,Retest passed,1,1,tests\test_api_auth_and_tickets.py,webapp\src\lib\api.ts,Keep covered in regression suite; add narrower route test when behavior changes.
BACKEND-API-007,GET,/api/auth/telegram/oidc/start,Telegram auth and OIDC,Retest passed,2,1,portal_bot\tests\test_telegram_oidc_auth.py; webapp\e2e\oidc-fallback.spec.ts,webapp\src\lib\api.ts,Keep covered in regression suite; add narrower route test when behavior changes.
BACKEND-API-008,POST,/api/auth/telegram/oidc/finish,Telegram auth and OIDC,Retest passed,1,1,portal_bot\tests\test_telegram_oidc_auth.py,webapp\src\lib\api.ts,Keep covered in regression suite; add narrower route test when behavior changes.
BACKEND-API-009,GET,/api/auth/email/status,Email auth and recovery,Retest passed,5,2,portal_bot\tests\test_email_auth.py; tests\test_public_beta_post_deploy_probe.py; webapp\e2e\admin-gate.spec.ts; webapp\e2e\cabinet-flow.spec.ts; webapp\e2e\settings-email-link.spec.ts,scripts\public_beta_post_deploy_probe.py; webapp\src\lib\api.ts,Keep covered in regression suite; add narrower route test when behavior changes.
BACKEND-API-010,POST,/api/auth/email/register,Email auth and recovery,Retest passed,2,1,portal_bot\tests\test_email_auth.py; webapp\e2e\settings-email-link.spec.ts,webapp\src\lib\api.ts,Keep covered in regression suite; add narrower route test when behavior changes.
BACKEND-API-011,POST,/api/auth/email/verify,Email auth and recovery,Retest passed,2,1,portal_bot\tests\test_email_auth.py; webapp\e2e\settings-email-link.spec.ts,webapp\src\lib\api.ts,Keep covered in regression suite; add narrower route test when behavior changes.
BACKEND-API-012,POST,/api/auth/email/login,Email auth and recovery,Retest passed,2,1,portal_bot\tests\test_email_auth.py; webapp\e2e\settings-email-link.spec.ts,webapp\src\lib\api.ts,Keep covered in regression suite; add narrower route test when behavior changes.
BACKEND-API-013,POST,/api/auth/email/recovery/start,Email auth and recovery,Retest passed,1,1,portal_bot\tests\test_email_auth.py,webapp\src\lib\api.ts,Keep covered in regression suite; add narrower route test when behavior changes.
BACKEND-API-014,POST,/api/auth/email/recovery/finish,Email auth and recovery,Retest passed,1,1,portal_bot\tests\test_email_auth.py,webapp\src\lib\api.ts,Keep covered in regression suite; add narrower route test when behavior changes.
BACKEND-API-015,GET,/api/auth/session,Session auth,Retest passed,7,1,portal_bot\tests\test_app_first_api.py; portal_bot\tests\test_email_auth.py; portal_bot\tests\test_telegram_oidc_auth.py; tests\test_api_auth_and_tickets.py; tests\test_api_lifecycle_smoke.py; webapp\e2e\cabinet-flow.spec.ts; webapp\e2e\settings-email-link.spec.ts,webapp\src\lib\api.ts,Keep covered in regression suite; add narrower route test when behavior changes.
BACKEND-API-016,POST,/api/client/session/start-trial,App-first trial/session,Retest passed,8,2,C:\Users\kiwun\Documents\ai\POKROV-app\packages\app_shell\test\app_first_runtime_bootstrap_test.dart; portal_bot\tests\test_app_first_api.py; portal_bot\tests\test_email_auth.py; tests\test_api_lifecycle_smoke.py; tests\test_api_p0_extensions.py; tests\test_client_ui_api_additions.py; tests\test_network_rollout_api.py; tests\test_smart_connect_api.py,C:\Users\kiwun\Documents\ai\POKROV-app\packages\app_shell\lib\app_first_runtime_bootstrap.dart; scripts\app_bot_parity_smoke.py,Keep covered in regression suite; add narrower route test when behavior changes.
BACKEND-API-017,GET,/api/client/route-policy,Client route policy,Retest passed,2,1,C:\Users\kiwun\Documents\ai\POKROV-app\packages\app_shell\test\app_first_runtime_bootstrap_test.dart; portal_bot\tests\test_app_first_api.py,C:\Users\kiwun\Documents\ai\POKROV-app\packages\app_shell\lib\app_first_runtime_bootstrap.dart,Keep covered in regression suite; add narrower route test when behavior changes.
BACKEND-API-018,POST,/api/client/route-policy,Client route policy,Retest passed,2,1,C:\Users\kiwun\Documents\ai\POKROV-app\packages\app_shell\test\app_first_runtime_bootstrap_test.dart; portal_bot\tests\test_app_first_api.py,C:\Users\kiwun\Documents\ai\POKROV-app\packages\app_shell\lib\app_first_runtime_bootstrap.dart,Keep covered in regression suite; add narrower route test when behavior changes.
BACKEND-API-019,GET,/api/client/locations,Client locations/catalog,Retest passed,2,1,C:\Users\kiwun\Documents\ai\POKROV-app\packages\app_shell\test\app_first_runtime_bootstrap_test.dart; tests\test_client_ui_api_additions.py,C:\Users\kiwun\Documents\ai\POKROV-app\packages\app_shell\lib\app_first_runtime_bootstrap.dart,Keep covered in regression suite; add narrower route test when behavior changes.
BACKEND-API-020,GET,/api/client/subscription,Client subscription visibility,Retest passed,2,1,C:\Users\kiwun\Documents\ai\POKROV-app\packages\app_shell\test\app_first_runtime_bootstrap_test.dart; tests\test_client_ui_api_additions.py,C:\Users\kiwun\Documents\ai\POKROV-app\packages\app_shell\lib\app_first_runtime_bootstrap.dart,Keep covered in regression suite; add narrower route test when behavior changes.
BACKEND-API-021,GET,/api/client/devices,Client device management,Retest passed,2,1,C:\Users\kiwun\Documents\ai\POKROV-app\packages\app_shell\test\app_first_runtime_bootstrap_test.dart; tests\test_client_ui_api_additions.py,C:\Users\kiwun\Documents\ai\POKROV-app\packages\app_shell\lib\app_first_runtime_bootstrap.dart,Keep covered in regression suite; add narrower route test when behavior changes.
BACKEND-API-022,DELETE,/api/client/devices/{device_id},Client device management,Retest passed,2,1,C:\Users\kiwun\Documents\ai\POKROV-app\packages\app_shell\test\app_first_runtime_bootstrap_test.dart; tests\test_client_ui_api_additions.py,C:\Users\kiwun\Documents\ai\POKROV-app\packages\app_shell\lib\app_first_runtime_bootstrap.dart,Keep covered in regression suite; add narrower route test when behavior changes.
BACKEND-API-023,GET,/api/client/notifications,Client notifications and push,Retest passed,2,1,C:\Users\kiwun\Documents\ai\POKROV-app\packages\app_shell\test\app_first_runtime_bootstrap_test.dart; tests\test_client_ui_api_additions.py,C:\Users\kiwun\Documents\ai\POKROV-app\packages\app_shell\lib\app_first_runtime_bootstrap.dart,Keep covered in regression suite; add narrower route test when behavior changes.
BACKEND-API-024,POST,/api/client/notifications/read,Client notifications and push,Retest passed,2,1,C:\Users\kiwun\Documents\ai\POKROV-app\packages\app_shell\test\app_first_runtime_bootstrap_test.dart; tests\test_client_ui_api_additions.py,C:\Users\kiwun\Documents\ai\POKROV-app\packages\app_shell\lib\app_first_runtime_bootstrap.dart,Keep covered in regression suite; add narrower route test when behavior changes.
BACKEND-API-025,POST,/api/client/push/register,Client notifications and push,Retest passed,2,1,C:\Users\kiwun\Documents\ai\POKROV-app\packages\app_shell\test\app_first_runtime_bootstrap_test.dart; tests\test_client_ui_api_additions.py,C:\Users\kiwun\Documents\ai\POKROV-app\packages\app_shell\lib\app_first_runtime_bootstrap.dart,Keep covered in regression suite; add narrower route test when behavior changes.
BACKEND-API-026,POST,/api/client/support/assistant,Client support assistant,Retest passed,2,1,C:\Users\kiwun\Documents\ai\POKROV-app\packages\app_shell\test\app_first_runtime_bootstrap_test.dart; tests\test_client_ui_api_additions.py,C:\Users\kiwun\Documents\ai\POKROV-app\packages\app_shell\lib\app_first_runtime_bootstrap.dart,Keep covered in regression suite; add narrower route test when behavior changes.
BACKEND-API-027,GET,/api/client/profile/managed,Managed profile delivery,Retest passed,4,2,C:\Users\kiwun\Documents\ai\POKROV-app\packages\app_shell\test\app_first_runtime_bootstrap_test.dart; portal_bot\tests\test_app_first_api.py; tests\test_network_rollout_api.py; tests\test_smart_connect_api.py,C:\Users\kiwun\Documents\ai\POKROV-app\packages\app_shell\lib\app_first_runtime_bootstrap.dart; scripts\app_bot_parity_smoke.py,Keep covered in regression suite; add narrower route test when behavior changes.
BACKEND-API-028,GET,/api/client/promo-slots,Client dynamic content slots,Retest passed,2,1,C:\Users\kiwun\Documents\ai\POKROV-app\packages\app_shell\test\app_first_runtime_bootstrap_test.dart; tests\test_api_p0_extensions.py,C:\Users\kiwun\Documents\ai\POKROV-app\packages\app_shell\lib\app_first_runtime_bootstrap.dart,Keep covered in regression suite; add narrower route test when behavior changes.
BACKEND-API-029,POST,/api/client/nodes/latency-samples,Client latency and smart connect,Retest passed,2,1,C:\Users\kiwun\Documents\ai\POKROV-app\packages\app_shell\test\app_first_runtime_bootstrap_test.dart; tests\test_smart_connect_api.py,C:\Users\kiwun\Documents\ai\POKROV-app\packages\app_shell\lib\app_first_runtime_bootstrap.dart,Keep covered in regression suite; add narrower route test when behavior changes.
BACKEND-API-030,GET,/api/client/warp/status,Client WARP lifecycle,Retest passed,2,1,C:\Users\kiwun\Documents\ai\POKROV-app\packages\app_shell\test\app_first_runtime_bootstrap_test.dart; tests\test_network_rollout_api.py,C:\Users\kiwun\Documents\ai\POKROV-app\packages\app_shell\lib\app_first_runtime_bootstrap.dart,Keep covered in regression suite; add narrower route test when behavior changes.
BACKEND-API-031,POST,/api/client/warp/consent,Client WARP lifecycle,Retest passed,2,1,C:\Users\kiwun\Documents\ai\POKROV-app\packages\app_shell\test\app_first_runtime_bootstrap_test.dart; tests\test_network_rollout_api.py,C:\Users\kiwun\Documents\ai\POKROV-app\packages\app_shell\lib\app_first_runtime_bootstrap.dart,Keep covered in regression suite; add narrower route test when behavior changes.
BACKEND-API-032,POST,/api/client/warp/revoke,Client WARP lifecycle,Retest passed,1,1,tests\test_network_rollout_api.py,C:\Users\kiwun\Documents\ai\POKROV-app\packages\app_shell\lib\app_first_runtime_bootstrap.dart,Keep covered in regression suite; add narrower route test when behavior changes.
BACKEND-API-033,POST,/api/client/warp/rotate,Client WARP lifecycle,Retest passed,1,1,tests\test_network_rollout_api.py,C:\Users\kiwun\Documents\ai\POKROV-app\packages\app_shell\lib\app_first_runtime_bootstrap.dart,Keep covered in regression suite; add narrower route test when behavior changes.
BACKEND-API-034,POST,/api/client/warp/events,Client WARP lifecycle,Retest passed,2,1,C:\Users\kiwun\Documents\ai\POKROV-app\packages\app_shell\test\app_first_runtime_bootstrap_test.dart; tests\test_network_rollout_api.py,C:\Users\kiwun\Documents\ai\POKROV-app\packages\app_shell\lib\app_first_runtime_bootstrap.dart,Keep covered in regression suite; add narrower route test when behavior changes.
BACKEND-API-035,POST,/api/client/telegram/link,Client Telegram linking,Retest passed,3,3,C:\Users\kiwun\Documents\ai\POKROV-app\packages\app_shell\test\app_first_runtime_bootstrap_test.dart; portal_bot\tests\test_app_first_api.py; webapp\e2e\settings-email-link.spec.ts,C:\Users\kiwun\Documents\ai\POKROV-app\packages\app_shell\lib\app_first_runtime_bootstrap.dart; scripts\app_bot_parity_smoke.py; webapp\src\lib\api.ts,Keep covered in regression suite; add narrower route test when behavior changes.
BACKEND-API-036,GET,/api/payments/providers,Payments and checkout,Retest passed,5,5,tests\test_api_payments_callbacks.py; tests\test_public_beta_post_deploy_probe.py; tests\test_ui_visual_smoke.py; webapp\e2e\admin-gate.spec.ts; webapp\e2e\cabinet-flow.spec.ts,scripts\brain_runtime_app_download_smoke.py; scripts\public_beta_post_deploy_probe.py; scripts\smoke_client_apps.py; scripts\ui_visual_smoke.py; webapp\src\lib\api.ts,Keep covered in regression suite; add narrower route test when behavior changes.
BACKEND-API-037,POST,/api/payments/orders/create,Payments and checkout,Retest passed,1,1,tests\test_api_payments_callbacks.py,webapp\src\lib\api.ts,Keep covered in regression suite; add narrower route test when behavior changes.
BACKEND-API-038,POST,/api/payments/orders/create-public,Payments and checkout,Retest passed,1,1,tests\test_api_payments_callbacks.py,webapp\src\lib\api.ts,Keep covered in regression suite; add narrower route test when behavior changes.
BACKEND-API-039,POST,/api/payments/freekassa/orders/create,Payments and checkout,Retest passed,3,1,tests\test_api_lifecycle_smoke.py; tests\test_api_payments_callbacks.py; tests\test_freekassa_staging_smoke.py,scripts\freekassa_staging_smoke.py,Keep covered in regression suite; add narrower route test when behavior changes.
BACKEND-API-040,POST,/api/payments/freekassa/orders/create-public,Payments and checkout,Retest passed,3,1,tests\test_api_lifecycle_smoke.py; tests\test_api_payments_callbacks.py; tests\test_freekassa_staging_smoke.py,scripts\freekassa_staging_smoke.py,Keep covered in regression suite; add narrower route test when behavior changes.
BACKEND-API-041,GET,/api/payments/freekassa/orders/{order_id},Payments and checkout,Retest passed,3,1,tests\test_api_lifecycle_smoke.py; tests\test_api_payments_callbacks.py; tests\test_freekassa_staging_smoke.py,scripts\freekassa_staging_smoke.py,Keep covered in regression suite; add narrower route test when behavior changes.
BACKEND-API-042,POST,/api/payments/freekassa/orders/{order_id}/refund,Payments and checkout,Retest passed,3,1,tests\test_api_lifecycle_smoke.py; tests\test_api_payments_callbacks.py; tests\test_freekassa_staging_smoke.py,scripts\freekassa_staging_smoke.py,Keep covered in regression suite; add narrower route test when behavior changes.
BACKEND-API-043,GET,/api/payments/freekassa/currencies,Payments and checkout,Retest passed,1,0,tests\test_api_payments_callbacks.py,,Keep covered in regression suite; add narrower route test when behavior changes.
BACKEND-API-044,GET,/api/payments/freekassa/currencies/{currency}/status,Payments and checkout,Retest passed,1,0,tests\test_api_payments_callbacks.py,,Keep covered in regression suite; add narrower route test when behavior changes.
BACKEND-API-045,GET,/api/admin/metrics/status,Admin metrics and funnel,Retest passed,3,1,tests\test_api_auth_and_tickets.py; tests\test_api_p0_extensions.py; webapp\e2e\admin-gate.spec.ts,webapp\src\lib\api.ts,Keep covered in regression suite; add narrower route test when behavior changes.
BACKEND-API-046,GET,/api/admin/funnel/summary,Admin metrics and funnel,Retest passed,1,1,tests\test_backend_route_gap_coverage.py,webapp\src\lib\api.ts,Keep covered in regression suite; add narrower route test when behavior changes.
BACKEND-API-047,GET,/api/admin/nodes/traffic,Admin node operations,Retest passed,2,1,tests\test_api_auth_and_tickets.py; webapp\e2e\admin-gate.spec.ts,webapp\src\lib\api.ts,Keep covered in regression suite; add narrower route test when behavior changes.
BACKEND-API-048,GET,/api/admin/metrics/timeseries,Admin metrics and funnel,Retest passed,2,1,tests\test_api_auth_and_tickets.py; webapp\e2e\admin-gate.spec.ts,webapp\src\lib\api.ts,Keep covered in regression suite; add narrower route test when behavior changes.
BACKEND-API-049,GET,/api/reviews,Public content and social proof,Retest passed,3,1,tests\test_api_p0_extensions.py; tests\test_public_copy_guardrails.py; tests\test_reviews_username_masking.py,webapp\src\lib\api.ts,Keep covered in regression suite; add narrower route test when behavior changes.
BACKEND-API-050,GET,/api/public/social-proof,Public content and social proof,Retest passed,1,0,tests\test_api_p0_extensions.py,,Keep covered in regression suite; add narrower route test when behavior changes.
BACKEND-API-051,POST,/api/events,Telemetry and funnel events,Retest passed,2,1,tests\test_api_auth_and_tickets.py; tests\test_api_p0_extensions.py,webapp\src\lib\api.ts,Keep covered in regression suite; add narrower route test when behavior changes.
BACKEND-API-052,POST,/api/funnel/events,Telemetry and funnel events,Retest passed,1,0,tests\test_backend_route_gap_coverage.py,,Keep covered in regression suite; add narrower route test when behavior changes.
BACKEND-API-053,POST,/api/connect/confirm,Telemetry and funnel events,Retest passed,1,1,tests\test_backend_route_gap_coverage.py,webapp\src\lib\api.ts,Keep covered in regression suite; add narrower route test when behavior changes.
BACKEND-API-054,POST,/api/pay/attempts/start,Payments and checkout,Retest passed,1,1,tests\test_api_p0_extensions.py,webapp\src\lib\api.ts,Keep covered in regression suite; add narrower route test when behavior changes.
BACKEND-API-055,GET,/api/offers/active,Offers and points,Retest passed,1,1,tests\test_api_p0_extensions.py,webapp\src\lib\api.ts,Keep covered in regression suite; add narrower route test when behavior changes.
BACKEND-API-056,POST,/api/offers/{offer_id}/accept,Offers and points,Retest passed,1,1,tests\test_api_p0_extensions.py,webapp\src\lib\api.ts,Keep covered in regression suite; add narrower route test when behavior changes.
BACKEND-API-057,GET,/api/points,Offers and points,Retest passed,1,1,tests\test_api_p0_extensions.py,webapp\src\lib\api.ts,Keep covered in regression suite; add narrower route test when behavior changes.
BACKEND-API-058,GET,/api/network/probe,Network diagnostics,Retest passed,1,1,tests\test_api_p0_extensions.py,webapp\src\lib\api.ts,Keep covered in regression suite; add narrower route test when behavior changes.
BACKEND-API-059,GET,/api/user/{tg_id},Cabinet dashboard/profile data,Retest passed,9,1,portal_bot\tests\test_app_first_api.py; portal_bot\tests\test_email_auth.py; tests\test_api_auth_and_tickets.py; tests\test_api_lifecycle_smoke.py; tests\test_api_p0_extensions.py; tests\test_network_rollout_api.py; webapp\e2e\admin-gate.spec.ts; webapp\e2e\cabinet-flow.spec.ts; webapp\e2e\settings-email-link.spec.ts,webapp\src\lib\api.ts,Keep covered in regression suite; add narrower route test when behavior changes.
BACKEND-API-060,GET,/api/dashboard,Cabinet dashboard/profile data,Retest passed,8,1,portal_bot\tests\test_app_first_api.py; tests\test_api_auth_and_tickets.py; tests\test_api_lifecycle_smoke.py; tests\test_api_p0_extensions.py; tests\test_network_rollout_api.py; webapp\e2e\admin-gate.spec.ts; webapp\e2e\cabinet-flow.spec.ts; webapp\e2e\settings-email-link.spec.ts,webapp\src\lib\api.ts,Keep covered in regression suite; add narrower route test when behavior changes.
BACKEND-API-061,GET,/api/client/apps,Client app download/update metadata,Retest passed,4,7,tests\test_api_p0_extensions.py; tests\test_public_beta_launch_decision.py; webapp\e2e\admin-gate.spec.ts; webapp\e2e\cabinet-flow.spec.ts,C:\Users\kiwun\Documents\ai\POKROV-app\packages\app_shell\lib\app_first_runtime_bootstrap.dart; scripts\brain_runtime_app_download_smoke.py; scripts\public_beta_external_access_preflight.py; scripts\release_gate_check.py; scripts\smoke_client_apps.py; webapp\src\app\(admin)\admin\release\page.tsx; webapp\src\lib\api.ts,Keep covered in regression suite; add narrower route test when behavior changes.
BACKEND-API-062,GET,/api/nodes/status,Network diagnostics,Retest passed,1,1,webapp\e2e\cabinet-flow.spec.ts,webapp\src\lib\api.ts,Keep covered in regression suite; add narrower route test when behavior changes.
BACKEND-API-063,POST,/api/nodes/diagnostics/run,Network diagnostics,Retest passed,1,1,tests\test_api_auth_and_tickets.py,webapp\src\lib\api.ts,Keep covered in regression suite; add narrower route test when behavior changes.
BACKEND-API-064,GET,/api/bonuses,Bonuses and rewards,Retest passed,6,3,C:\Users\kiwun\Documents\ai\POKROV-app\packages\app_shell\test\app_first_runtime_bootstrap_test.dart; C:\Users\kiwun\Documents\ai\POKROV-app\packages\app_shell\test\pokrov_seed_app_test.dart; portal_bot\tests\test_app_first_api.py; tests\test_api_auth_and_tickets.py; tests\test_api_lifecycle_smoke.py; webapp\e2e\cabinet-flow.spec.ts,C:\Users\kiwun\Documents\ai\POKROV-app\packages\app_shell\lib\app_first_runtime_bootstrap.dart; scripts\app_bot_parity_smoke.py; webapp\src\lib\api.ts,Keep covered in regression suite; add narrower route test when behavior changes.
BACKEND-API-065,GET,/api/bonuses/summary,Bonuses and rewards,Retest passed,2,2,C:\Users\kiwun\Documents\ai\POKROV-app\packages\app_shell\test\app_first_runtime_bootstrap_test.dart; portal_bot\tests\test_app_first_api.py,C:\Users\kiwun\Documents\ai\POKROV-app\packages\app_shell\lib\app_first_runtime_bootstrap.dart; scripts\app_bot_parity_smoke.py,Keep covered in regression suite; add narrower route test when behavior changes.
BACKEND-API-066,GET,/api/bonuses/referral/summary,Bonuses and rewards,Retest passed,2,1,C:\Users\kiwun\Documents\ai\POKROV-app\packages\app_shell\test\app_first_runtime_bootstrap_test.dart; portal_bot\tests\test_app_first_api.py,C:\Users\kiwun\Documents\ai\POKROV-app\packages\app_shell\lib\app_first_runtime_bootstrap.dart,Keep covered in regression suite; add narrower route test when behavior changes.
BACKEND-API-067,GET,/api/bonuses/history,Bonuses and rewards,Retest passed,2,2,C:\Users\kiwun\Documents\ai\POKROV-app\packages\app_shell\test\app_first_runtime_bootstrap_test.dart; portal_bot\tests\test_app_first_api.py,C:\Users\kiwun\Documents\ai\POKROV-app\packages\app_shell\lib\app_first_runtime_bootstrap.dart; scripts\app_bot_parity_smoke.py,Keep covered in regression suite; add narrower route test when behavior changes.
BACKEND-API-068,GET,/api/bonuses/wheel/state,Bonuses and rewards,Retest passed,1,0,portal_bot\tests\test_app_first_api.py,,Keep covered in regression suite; add narrower route test when behavior changes.
BACKEND-API-069,POST,/api/bonuses/wheel/spin,Bonuses and rewards,Retest passed,3,1,C:\Users\kiwun\Documents\ai\POKROV-app\packages\app_shell\test\app_first_runtime_bootstrap_test.dart; C:\Users\kiwun\Documents\ai\POKROV-app\packages\app_shell\test\pokrov_seed_app_test.dart; portal_bot\tests\test_app_first_api.py,C:\Users\kiwun\Documents\ai\POKROV-app\packages\app_shell\lib\app_first_runtime_bootstrap.dart,Keep covered in regression suite; add narrower route test when behavior changes.
BACKEND-API-070,GET,/api/bonuses/calendar,Bonuses and rewards,Retest passed,3,1,C:\Users\kiwun\Documents\ai\POKROV-app\packages\app_shell\test\app_first_runtime_bootstrap_test.dart; C:\Users\kiwun\Documents\ai\POKROV-app\packages\app_shell\test\pokrov_seed_app_test.dart; portal_bot\tests\test_app_first_api.py,C:\Users\kiwun\Documents\ai\POKROV-app\packages\app_shell\lib\app_first_runtime_bootstrap.dart,Keep covered in regression suite; add narrower route test when behavior changes.
BACKEND-API-071,POST,/api/bonuses/calendar/checkin,Bonuses and rewards,Retest passed,3,1,C:\Users\kiwun\Documents\ai\POKROV-app\packages\app_shell\test\app_first_runtime_bootstrap_test.dart; C:\Users\kiwun\Documents\ai\POKROV-app\packages\app_shell\test\pokrov_seed_app_test.dart; portal_bot\tests\test_app_first_api.py,C:\Users\kiwun\Documents\ai\POKROV-app\packages\app_shell\lib\app_first_runtime_bootstrap.dart,Keep covered in regression suite; add narrower route test when behavior changes.
BACKEND-API-072,POST,/api/channel/subscriber/check,Bonuses and rewards,Retest passed,4,3,C:\Users\kiwun\Documents\ai\POKROV-app\packages\app_shell\test\app_first_runtime_bootstrap_test.dart; portal_bot\tests\test_app_first_api.py; webapp\e2e\cabinet-flow.spec.ts; webapp\e2e\settings-email-link.spec.ts,C:\Users\kiwun\Documents\ai\POKROV-app\packages\app_shell\lib\app_first_runtime_bootstrap.dart; scripts\app_bot_parity_smoke.py; webapp\src\lib\api.ts,Keep covered in regression suite; add narrower route test when behavior changes.
BACKEND-API-073,POST,/api/bonuses/channel/claim,Bonuses and rewards,Retest passed,5,3,C:\Users\kiwun\Documents\ai\POKROV-app\packages\app_shell\test\app_first_runtime_bootstrap_test.dart; portal_bot\tests\test_app_first_api.py; tests\test_api_auth_and_tickets.py; tests\test_api_lifecycle_smoke.py; webapp\e2e\cabinet-flow.spec.ts,C:\Users\kiwun\Documents\ai\POKROV-app\packages\app_shell\lib\app_first_runtime_bootstrap.dart; scripts\app_bot_parity_smoke.py; webapp\src\lib\api.ts,Keep covered in regression suite; add narrower route test when behavior changes.
BACKEND-API-074,POST,/api/promo/redeem,Redeem and activation keys,Retest passed,2,1,tests\test_api_auth_and_tickets.py; tests\test_api_lifecycle_smoke.py,webapp\src\lib\api.ts,Keep covered in regression suite; add narrower route test when behavior changes.
BACKEND-API-075,POST,/api/bonuses/promo/redeem,Bonuses and rewards,Retest passed,1,0,portal_bot\tests\test_app_first_api.py,,Keep covered in regression suite; add narrower route test when behavior changes.
BACKEND-API-076,POST,/api/gift/redeem,Redeem and activation keys,Retest passed,2,1,tests\test_api_auth_and_tickets.py; tests\test_api_lifecycle_smoke.py,webapp\src\lib\api.ts,Keep covered in regression suite; add narrower route test when behavior changes.
BACKEND-API-077,GET,/api/access-keys/status/{key},Redeem and activation keys,Retest passed,2,1,portal_bot\tests\test_app_first_api.py; webapp\e2e\admin-gate.spec.ts,webapp\src\lib\api.ts,Keep covered in regression suite; add narrower route test when behavior changes.
BACKEND-API-078,POST,/api/access-keys/redeem,Redeem and activation keys,Retest passed,1,1,tests\test_api_auth_and_tickets.py,webapp\src\lib\api.ts,Keep covered in regression suite; add narrower route test when behavior changes.
BACKEND-API-079,POST,/api/redeem,Redeem and activation keys,Retest passed,2,2,C:\Users\kiwun\Documents\ai\POKROV-app\packages\app_shell\test\app_first_runtime_bootstrap_test.dart; portal_bot\tests\test_app_first_api.py,C:\Users\kiwun\Documents\ai\POKROV-app\packages\app_shell\lib\app_first_runtime_bootstrap.dart; scripts\app_bot_parity_smoke.py,Keep covered in regression suite; add narrower route test when behavior changes.
BACKEND-API-080,POST,/api/client/cabinet-token,Cabinet handoff,Retest passed,2,2,C:\Users\kiwun\Documents\ai\POKROV-app\packages\app_shell\test\app_first_runtime_bootstrap_test.dart; portal_bot\tests\test_app_first_api.py,C:\Users\kiwun\Documents\ai\POKROV-app\packages\app_shell\lib\app_first_runtime_bootstrap.dart; scripts\app_bot_parity_smoke.py,Keep covered in regression suite; add narrower route test when behavior changes.
BACKEND-API-081,POST,/api/auth/cabinet-handoff/exchange,Cabinet handoff,Retest passed,2,2,portal_bot\tests\test_app_first_api.py; webapp\e2e\cabinet-flow.spec.ts,scripts\app_bot_parity_smoke.py; webapp\src\lib\api.ts,Keep covered in regression suite; add narrower route test when behavior changes.
BACKEND-API-082,POST,/api/reviews,Public content and social proof,Retest passed,3,1,tests\test_api_p0_extensions.py; tests\test_public_copy_guardrails.py; tests\test_reviews_username_masking.py,webapp\src\lib\api.ts,Keep covered in regression suite; add narrower route test when behavior changes.
BACKEND-API-083,POST,/api/feedback,Public content and social proof,Retest passed,1,0,tests\test_api_p0_extensions.py,,Keep covered in regression suite; add narrower route test when behavior changes.
BACKEND-API-084,GET,/api/tickets,Support ticket lifecycle,Retest passed,7,4,C:\Users\kiwun\Documents\ai\POKROV-app\packages\app_shell\test\app_first_runtime_bootstrap_test.dart; C:\Users\kiwun\Documents\ai\POKROV-app\packages\app_shell\test\assistant_contract_test.dart; portal_bot\tests\test_app_first_api.py; tests\test_api_auth_and_tickets.py; tests\test_api_lifecycle_smoke.py; tests\test_client_ui_api_additions.py; webapp\e2e\cabinet-flow.spec.ts,C:\Users\kiwun\Documents\ai\POKROV-app\packages\app_shell\lib\app_first_runtime_bootstrap.dart; C:\Users\kiwun\Documents\ai\POKROV-app\packages\app_shell\lib\src\assistant\pokrov_ai_assistant.dart; scripts\app_bot_parity_smoke.py; webapp\src\lib\api.ts,Keep covered in regression suite; add narrower route test when behavior changes.
BACKEND-API-085,POST,/api/tickets/uploads,Support ticket lifecycle,Retest passed,2,2,tests\test_api_auth_and_tickets.py; webapp\e2e\cabinet-flow.spec.ts,scripts\app_bot_parity_smoke.py; webapp\src\lib\api.ts,Keep covered in regression suite; add narrower route test when behavior changes.
BACKEND-API-086,POST,/api/tickets,Support ticket lifecycle,Retest passed,7,4,C:\Users\kiwun\Documents\ai\POKROV-app\packages\app_shell\test\app_first_runtime_bootstrap_test.dart; C:\Users\kiwun\Documents\ai\POKROV-app\packages\app_shell\test\assistant_contract_test.dart; portal_bot\tests\test_app_first_api.py; tests\test_api_auth_and_tickets.py; tests\test_api_lifecycle_smoke.py; tests\test_client_ui_api_additions.py; webapp\e2e\cabinet-flow.spec.ts,C:\Users\kiwun\Documents\ai\POKROV-app\packages\app_shell\lib\app_first_runtime_bootstrap.dart; C:\Users\kiwun\Documents\ai\POKROV-app\packages\app_shell\lib\src\assistant\pokrov_ai_assistant.dart; scripts\app_bot_parity_smoke.py; webapp\src\lib\api.ts,Keep covered in regression suite; add narrower route test when behavior changes.
BACKEND-API-087,GET,/api/tickets/{ticket_id},Support ticket lifecycle,Retest passed,7,4,C:\Users\kiwun\Documents\ai\POKROV-app\packages\app_shell\test\app_first_runtime_bootstrap_test.dart; C:\Users\kiwun\Documents\ai\POKROV-app\packages\app_shell\test\assistant_contract_test.dart; portal_bot\tests\test_app_first_api.py; tests\test_api_auth_and_tickets.py; tests\test_api_lifecycle_smoke.py; tests\test_client_ui_api_additions.py; webapp\e2e\cabinet-flow.spec.ts,C:\Users\kiwun\Documents\ai\POKROV-app\packages\app_shell\lib\app_first_runtime_bootstrap.dart; C:\Users\kiwun\Documents\ai\POKROV-app\packages\app_shell\lib\src\assistant\pokrov_ai_assistant.dart; scripts\app_bot_parity_smoke.py; webapp\src\lib\api.ts,Keep covered in regression suite; add narrower route test when behavior changes.
BACKEND-API-088,POST,/api/tickets/{ticket_id}/messages,Support ticket lifecycle,Retest passed,7,4,C:\Users\kiwun\Documents\ai\POKROV-app\packages\app_shell\test\app_first_runtime_bootstrap_test.dart; C:\Users\kiwun\Documents\ai\POKROV-app\packages\app_shell\test\assistant_contract_test.dart; portal_bot\tests\test_app_first_api.py; tests\test_api_auth_and_tickets.py; tests\test_api_lifecycle_smoke.py; tests\test_client_ui_api_additions.py; webapp\e2e\cabinet-flow.spec.ts,C:\Users\kiwun\Documents\ai\POKROV-app\packages\app_shell\lib\app_first_runtime_bootstrap.dart; C:\Users\kiwun\Documents\ai\POKROV-app\packages\app_shell\lib\src\assistant\pokrov_ai_assistant.dart; scripts\app_bot_parity_smoke.py; webapp\src\lib\api.ts,Keep covered in regression suite; add narrower route test when behavior changes.
BACKEND-API-089,GET,/api/admin/summary,Admin operations and release controls,Retest passed,4,1,portal_bot\tests\test_email_auth.py; tests\test_api_auth_and_tickets.py; tests\test_observer_api.py; webapp\e2e\admin-gate.spec.ts,webapp\src\lib\api.ts,Keep covered in regression suite; add narrower route test when behavior changes.
BACKEND-API-090,GET,/api/admin/payments/orders,Admin payment ledger and reconciliation,Retest passed,2,1,tests\test_admin_payments_api.py; webapp\e2e\admin-gate.spec.ts,webapp\src\lib\api.ts,Keep covered in regression suite; add narrower route test when behavior changes.
BACKEND-API-091,POST,/api/admin/payments/orders/{provider}/{order_id}/reconcile,Admin payment ledger and reconciliation,Retest passed,2,1,tests\test_admin_payments_api.py; webapp\e2e\admin-gate.spec.ts,webapp\src\lib\api.ts,Keep covered in regression suite; add narrower route test when behavior changes.
BACKEND-API-092,GET,/api/admin/users,Admin user operations,Retest passed,3,1,tests\test_api_auth_and_tickets.py; tests\test_observer_api.py; webapp\e2e\admin-gate.spec.ts,webapp\src\lib\api.ts,Keep covered in regression suite; add narrower route test when behavior changes.
BACKEND-API-093,GET,/api/admin/users/{tg_id},Admin user operations,Retest passed,3,1,tests\test_api_auth_and_tickets.py; tests\test_observer_api.py; webapp\e2e\admin-gate.spec.ts,webapp\src\lib\api.ts,Keep covered in regression suite; add narrower route test when behavior changes.
BACKEND-API-094,POST,/api/admin/users/manual,Admin user operations,Retest passed,1,1,tests\test_api_auth_and_tickets.py,webapp\src\lib\api.ts,Keep covered in regression suite; add narrower route test when behavior changes.
BACKEND-API-095,POST,/api/admin/users/{tg_id}/manual-extend,Admin user operations,Retest passed,3,1,tests\test_api_auth_and_tickets.py; tests\test_observer_api.py; webapp\e2e\admin-gate.spec.ts,webapp\src\lib\api.ts,Keep covered in regression suite; add narrower route test when behavior changes.
BACKEND-API-096,POST,/api/admin/users/{tg_id}/manual/extend,Admin user operations,Retest passed,3,1,tests\test_api_auth_and_tickets.py; tests\test_observer_api.py; webapp\e2e\admin-gate.spec.ts,webapp\src\lib\api.ts,Keep covered in regression suite; add narrower route test when behavior changes.
BACKEND-API-097,POST,/api/admin/users/{tg_id}/manual/block,Admin user operations,Retest passed,3,1,tests\test_api_auth_and_tickets.py; tests\test_observer_api.py; webapp\e2e\admin-gate.spec.ts,webapp\src\lib\api.ts,Keep covered in regression suite; add narrower route test when behavior changes.
BACKEND-API-098,POST,/api/admin/users/{tg_id}/manual/regenerate-token,Admin user operations,Retest passed,3,1,tests\test_api_auth_and_tickets.py; tests\test_observer_api.py; webapp\e2e\admin-gate.spec.ts,webapp\src\lib\api.ts,Keep covered in regression suite; add narrower route test when behavior changes.
BACKEND-API-099,POST,/api/admin/users/{tg_id}/safe-delete,Admin user operations,Retest passed,3,1,tests\test_api_auth_and_tickets.py; tests\test_observer_api.py; webapp\e2e\admin-gate.spec.ts,webapp\src\lib\api.ts,Keep covered in regression suite; add narrower route test when behavior changes.
BACKEND-API-100,POST,/api/admin/users/{tg_id}/delete-test-user,Admin user operations,Retest passed,3,1,tests\test_api_auth_and_tickets.py; tests\test_observer_api.py; webapp\e2e\admin-gate.spec.ts,webapp\src\lib\api.ts,Keep covered in regression suite; add narrower route test when behavior changes.
BACKEND-API-101,POST,/api/admin/users/{tg_id}/keys/{node_code}/toggle,Admin user operations,Retest passed,3,1,tests\test_api_auth_and_tickets.py; tests\test_observer_api.py; webapp\e2e\admin-gate.spec.ts,webapp\src\lib\api.ts,Keep covered in regression suite; add narrower route test when behavior changes.
BACKEND-API-102,POST,/api/admin/users/{tg_id}/keys/{node_code}/reset-traffic,Admin user operations,Retest passed,3,1,tests\test_api_auth_and_tickets.py; tests\test_observer_api.py; webapp\e2e\admin-gate.spec.ts,webapp\src\lib\api.ts,Keep covered in regression suite; add narrower route test when behavior changes.
BACKEND-API-103,POST,/api/admin/users/{tg_id}/keys/{node_code}/resync-subid,Admin user operations,Retest passed,3,1,tests\test_api_auth_and_tickets.py; tests\test_observer_api.py; webapp\e2e\admin-gate.spec.ts,webapp\src\lib\api.ts,Keep covered in regression suite; add narrower route test when behavior changes.
BACKEND-API-104,GET,/api/admin/users/{tg_id}/key-history,Admin user operations,Retest passed,3,1,tests\test_api_auth_and_tickets.py; tests\test_observer_api.py; webapp\e2e\admin-gate.spec.ts,webapp\src\lib\api.ts,Keep covered in regression suite; add narrower route test when behavior changes.
BACKEND-API-105,GET,/api/admin/users/{tg_id}/key-limits,Admin user operations,Retest passed,3,1,tests\test_api_auth_and_tickets.py; tests\test_observer_api.py; webapp\e2e\admin-gate.spec.ts,webapp\src\lib\api.ts,Keep covered in regression suite; add narrower route test when behavior changes.
BACKEND-API-106,PUT,/api/admin/users/{tg_id}/key-limits/{node_code},Admin user operations,Retest passed,3,1,tests\test_api_auth_and_tickets.py; tests\test_observer_api.py; webapp\e2e\admin-gate.spec.ts,webapp\src\lib\api.ts,Keep covered in regression suite; add narrower route test when behavior changes.
BACKEND-API-107,GET,/api/admin/users/{tg_id}/risk,Admin user operations,Retest passed,3,1,tests\test_api_auth_and_tickets.py; tests\test_observer_api.py; webapp\e2e\admin-gate.spec.ts,webapp\src\lib\api.ts,Keep covered in regression suite; add narrower route test when behavior changes.
BACKEND-API-108,GET,/api/admin/users/{tg_id}/loyalty,Admin user operations,Retest passed,3,1,tests\test_api_auth_and_tickets.py; tests\test_observer_api.py; webapp\e2e\admin-gate.spec.ts,webapp\src\lib\api.ts,Keep covered in regression suite; add narrower route test when behavior changes.
BACKEND-API-109,POST,/api/admin/users/{tg_id}/loyalty/grant,Admin user operations,Retest passed,3,1,tests\test_api_auth_and_tickets.py; tests\test_observer_api.py; webapp\e2e\admin-gate.spec.ts,webapp\src\lib\api.ts,Keep covered in regression suite; add narrower route test when behavior changes.
BACKEND-API-110,POST,/api/admin/users/{tg_id}/presets/run,Admin user operations,Retest passed,3,1,tests\test_api_auth_and_tickets.py; tests\test_observer_api.py; webapp\e2e\admin-gate.spec.ts,webapp\src\lib\api.ts,Keep covered in regression suite; add narrower route test when behavior changes.
BACKEND-API-111,POST,/api/admin/users/keys/bulk-action,Admin user operations,Retest passed,1,1,tests\test_api_auth_and_tickets.py,webapp\src\lib\api.ts,Keep covered in regression suite; add narrower route test when behavior changes.
BACKEND-API-112,GET,/api/admin/audit,Admin operations and release controls,Retest passed,1,1,webapp\e2e\admin-gate.spec.ts,webapp\src\lib\api.ts,Keep covered in regression suite; add narrower route test when behavior changes.
BACKEND-API-113,POST,/api/admin/users/{tg_id}/message,Admin user operations,Retest passed,3,1,tests\test_api_auth_and_tickets.py; tests\test_observer_api.py; webapp\e2e\admin-gate.spec.ts,webapp\src\lib\api.ts,Keep covered in regression suite; add narrower route test when behavior changes.
BACKEND-API-114,POST,/api/admin/broadcast,Admin operations and release controls,Retest passed,1,1,tests\test_backend_route_gap_coverage.py,webapp\src\lib\api.ts,Keep covered in regression suite; add narrower route test when behavior changes.
BACKEND-API-115,GET,/api/admin/promos,"Admin catalog, promos, and dynamic content",Retest passed,3,1,tests\test_api_auth_and_tickets.py; tests\test_api_lifecycle_smoke.py; webapp\e2e\admin-gate.spec.ts,webapp\src\lib\api.ts,Keep covered in regression suite; add narrower route test when behavior changes.
BACKEND-API-116,POST,/api/admin/promos,"Admin catalog, promos, and dynamic content",Retest passed,3,1,tests\test_api_auth_and_tickets.py; tests\test_api_lifecycle_smoke.py; webapp\e2e\admin-gate.spec.ts,webapp\src\lib\api.ts,Keep covered in regression suite; add narrower route test when behavior changes.
BACKEND-API-117,PATCH,/api/admin/promos/{code},"Admin catalog, promos, and dynamic content",Retest passed,3,1,tests\test_api_auth_and_tickets.py; tests\test_api_lifecycle_smoke.py; webapp\e2e\admin-gate.spec.ts,webapp\src\lib\api.ts,Keep covered in regression suite; add narrower route test when behavior changes.
BACKEND-API-118,DELETE,/api/admin/promos/{code},"Admin catalog, promos, and dynamic content",Retest passed,3,1,tests\test_api_auth_and_tickets.py; tests\test_api_lifecycle_smoke.py; webapp\e2e\admin-gate.spec.ts,webapp\src\lib\api.ts,Keep covered in regression suite; add narrower route test when behavior changes.
BACKEND-API-119,GET,/api/admin/plans,"Admin catalog, promos, and dynamic content",Retest passed,2,1,tests\test_api_payments_callbacks.py; webapp\e2e\admin-gate.spec.ts,webapp\src\lib\api.ts,Keep covered in regression suite; add narrower route test when behavior changes.
BACKEND-API-120,POST,/api/admin/plans,"Admin catalog, promos, and dynamic content",Retest passed,2,1,tests\test_api_payments_callbacks.py; webapp\e2e\admin-gate.spec.ts,webapp\src\lib\api.ts,Keep covered in regression suite; add narrower route test when behavior changes.
BACKEND-API-121,PATCH,/api/admin/plans/{code},"Admin catalog, promos, and dynamic content",Retest passed,2,1,tests\test_api_payments_callbacks.py; webapp\e2e\admin-gate.spec.ts,webapp\src\lib\api.ts,Keep covered in regression suite; add narrower route test when behavior changes.
BACKEND-API-122,DELETE,/api/admin/plans/{code},"Admin catalog, promos, and dynamic content",Retest passed,2,1,tests\test_api_payments_callbacks.py; webapp\e2e\admin-gate.spec.ts,webapp\src\lib\api.ts,Keep covered in regression suite; add narrower route test when behavior changes.
BACKEND-API-123,GET,/api/admin/live-updates,"Admin catalog, promos, and dynamic content",Retest passed,2,1,tests\test_api_payments_callbacks.py; webapp\e2e\admin-gate.spec.ts,webapp\src\lib\api.ts,Keep covered in regression suite; add narrower route test when behavior changes.
BACKEND-API-124,POST,/api/admin/live-updates,"Admin catalog, promos, and dynamic content",Retest passed,2,1,tests\test_api_payments_callbacks.py; webapp\e2e\admin-gate.spec.ts,webapp\src\lib\api.ts,Keep covered in regression suite; add narrower route test when behavior changes.
BACKEND-API-125,PATCH,/api/admin/live-updates/{update_id},"Admin catalog, promos, and dynamic content",Retest passed,2,1,tests\test_api_payments_callbacks.py; webapp\e2e\admin-gate.spec.ts,webapp\src\lib\api.ts,Keep covered in regression suite; add narrower route test when behavior changes.
BACKEND-API-126,DELETE,/api/admin/live-updates/{update_id},"Admin catalog, promos, and dynamic content",Retest passed,2,1,tests\test_api_payments_callbacks.py; webapp\e2e\admin-gate.spec.ts,webapp\src\lib\api.ts,Keep covered in regression suite; add narrower route test when behavior changes.
BACKEND-API-127,GET,/api/admin/start-links,"Admin catalog, promos, and dynamic content",Retest passed,2,1,tests\test_api_auth_and_tickets.py; webapp\e2e\admin-gate.spec.ts,webapp\src\lib\api.ts,Keep covered in regression suite; add narrower route test when behavior changes.
BACKEND-API-128,POST,/api/admin/start-links,"Admin catalog, promos, and dynamic content",Retest passed,2,1,tests\test_api_auth_and_tickets.py; webapp\e2e\admin-gate.spec.ts,webapp\src\lib\api.ts,Keep covered in regression suite; add narrower route test when behavior changes.
BACKEND-API-129,PATCH,/api/admin/start-links/{link_id},"Admin catalog, promos, and dynamic content",Retest passed,2,1,tests\test_api_auth_and_tickets.py; webapp\e2e\admin-gate.spec.ts,webapp\src\lib\api.ts,Keep covered in regression suite; add narrower route test when behavior changes.
BACKEND-API-130,DELETE,/api/admin/start-links/{link_id},"Admin catalog, promos, and dynamic content",Retest passed,2,1,tests\test_api_auth_and_tickets.py; webapp\e2e\admin-gate.spec.ts,webapp\src\lib\api.ts,Keep covered in regression suite; add narrower route test when behavior changes.
BACKEND-API-131,GET,/api/admin/wheel-config,"Admin catalog, promos, and dynamic content",Retest passed,2,1,tests\test_api_auth_and_tickets.py; webapp\e2e\admin-gate.spec.ts,webapp\src\lib\api.ts,Keep covered in regression suite; add narrower route test when behavior changes.
BACKEND-API-132,PUT,/api/admin/wheel-config,"Admin catalog, promos, and dynamic content",Retest passed,2,1,tests\test_api_auth_and_tickets.py; webapp\e2e\admin-gate.spec.ts,webapp\src\lib\api.ts,Keep covered in regression suite; add narrower route test when behavior changes.
BACKEND-API-133,GET,/api/admin/network-rollout-config,Admin rollout controls,Retest passed,2,1,tests\test_network_rollout_api.py; webapp\e2e\admin-gate.spec.ts,webapp\src\lib\api.ts,Keep covered in regression suite; add narrower route test when behavior changes.
BACKEND-API-134,PUT,/api/admin/network-rollout-config,Admin rollout controls,Retest passed,2,1,tests\test_network_rollout_api.py; webapp\e2e\admin-gate.spec.ts,webapp\src\lib\api.ts,Keep covered in regression suite; add narrower route test when behavior changes.
BACKEND-API-135,PUT,/api/admin/client/warp/material,Admin operations and release controls,Retest passed,1,0,tests\test_network_rollout_api.py,,Keep covered in regression suite; add narrower route test when behavior changes.
BACKEND-API-136,GET,/api/admin/client/warp/summary,Admin operations and release controls,Retest passed,1,1,tests\test_network_rollout_api.py,webapp\src\lib\api.ts,Keep covered in regression suite; add narrower route test when behavior changes.
BACKEND-API-137,GET,/api/admin/promo-slots,"Admin catalog, promos, and dynamic content",Retest passed,1,1,webapp\e2e\admin-gate.spec.ts,webapp\src\lib\api.ts,Keep covered in regression suite; add narrower route test when behavior changes.
BACKEND-API-138,PUT,/api/admin/promo-slots,"Admin catalog, promos, and dynamic content",Retest passed,1,1,webapp\e2e\admin-gate.spec.ts,webapp\src\lib\api.ts,Keep covered in regression suite; add narrower route test when behavior changes.
BACKEND-API-139,POST,/api/admin/campaign-links/build,"Admin catalog, promos, and dynamic content",Retest passed,2,1,tests\test_api_auth_and_tickets.py; webapp\e2e\admin-gate.spec.ts,webapp\src\lib\api.ts,Keep covered in regression suite; add narrower route test when behavior changes.
BACKEND-API-140,GET,/api/admin/referrals/pending,Admin operations and release controls,Retest passed,1,1,tests\test_backend_route_gap_coverage.py,webapp\src\lib\api.ts,Keep covered in regression suite; add narrower route test when behavior changes.
BACKEND-API-141,POST,/api/admin/referrals/process,Admin operations and release controls,Retest passed,1,1,tests\test_backend_route_gap_coverage.py,webapp\src\lib\api.ts,Keep covered in regression suite; add narrower route test when behavior changes.
BACKEND-API-142,GET,/api/admin/loyalty-config,"Admin catalog, promos, and dynamic content",Retest passed,1,1,tests\test_api_auth_and_tickets.py,webapp\src\lib\api.ts,Keep covered in regression suite; add narrower route test when behavior changes.
BACKEND-API-143,PUT,/api/admin/loyalty-config,"Admin catalog, promos, and dynamic content",Retest passed,1,1,tests\test_api_auth_and_tickets.py,webapp\src\lib\api.ts,Keep covered in regression suite; add narrower route test when behavior changes.
BACKEND-API-144,GET,/api/admin/campaigns,"Admin catalog, promos, and dynamic content",Retest passed,1,1,tests\test_backend_route_gap_coverage.py,webapp\src\lib\api.ts,Keep covered in regression suite; add narrower route test when behavior changes.
BACKEND-API-145,POST,/api/admin/campaigns,"Admin catalog, promos, and dynamic content",Retest passed,1,1,tests\test_backend_route_gap_coverage.py,webapp\src\lib\api.ts,Keep covered in regression suite; add narrower route test when behavior changes.
BACKEND-API-146,PATCH,/api/admin/campaigns/{campaign_id},"Admin catalog, promos, and dynamic content",Retest passed,1,1,tests\test_backend_route_gap_coverage.py,webapp\src\lib\api.ts,Keep covered in regression suite; add narrower route test when behavior changes.
BACKEND-API-147,DELETE,/api/admin/campaigns/{campaign_id},"Admin catalog, promos, and dynamic content",Retest passed,1,1,tests\test_backend_route_gap_coverage.py,webapp\src\lib\api.ts,Keep covered in regression suite; add narrower route test when behavior changes.
BACKEND-API-148,GET,/api/admin/templates,"Admin catalog, promos, and dynamic content",Retest passed,1,1,tests\test_api_auth_and_tickets.py,webapp\src\lib\api.ts,Keep covered in regression suite; add narrower route test when behavior changes.
BACKEND-API-149,POST,/api/admin/templates,"Admin catalog, promos, and dynamic content",Retest passed,1,1,tests\test_api_auth_and_tickets.py,webapp\src\lib\api.ts,Keep covered in regression suite; add narrower route test when behavior changes.
BACKEND-API-150,PATCH,/api/admin/templates/{key},"Admin catalog, promos, and dynamic content",Retest passed,1,1,tests\test_api_auth_and_tickets.py,webapp\src\lib\api.ts,Keep covered in regression suite; add narrower route test when behavior changes.
BACKEND-API-151,DELETE,/api/admin/templates/{key},"Admin catalog, promos, and dynamic content",Retest passed,1,1,tests\test_api_auth_and_tickets.py,webapp\src\lib\api.ts,Keep covered in regression suite; add narrower route test when behavior changes.
BACKEND-API-152,GET,/api/admin/gift-codes,"Admin catalog, promos, and dynamic content",Retest passed,3,1,tests\test_api_auth_and_tickets.py; tests\test_api_lifecycle_smoke.py; webapp\e2e\admin-gate.spec.ts,webapp\src\lib\api.ts,Keep covered in regression suite; add narrower route test when behavior changes.
BACKEND-API-153,POST,/api/admin/access-keys/issue,"Admin catalog, promos, and dynamic content",Retest passed,1,1,webapp\e2e\admin-gate.spec.ts,webapp\src\lib\api.ts,Keep covered in regression suite; add narrower route test when behavior changes.
BACKEND-API-154,POST,/api/admin/gift-codes,"Admin catalog, promos, and dynamic content",Retest passed,3,1,tests\test_api_auth_and_tickets.py; tests\test_api_lifecycle_smoke.py; webapp\e2e\admin-gate.spec.ts,webapp\src\lib\api.ts,Keep covered in regression suite; add narrower route test when behavior changes.
BACKEND-API-155,GET,/api/admin/tickets,Admin support tickets,Retest passed,2,1,tests\test_api_auth_and_tickets.py; webapp\e2e\admin-gate.spec.ts,webapp\src\lib\api.ts,Keep covered in regression suite; add narrower route test when behavior changes.
BACKEND-API-156,POST,/api/admin/tickets/{ticket_id}/reply,Admin support tickets,Retest passed,2,1,tests\test_api_auth_and_tickets.py; webapp\e2e\admin-gate.spec.ts,webapp\src\lib\api.ts,Keep covered in regression suite; add narrower route test when behavior changes.
BACKEND-API-157,POST,/api/admin/tickets/{ticket_id}/status,Admin support tickets,Retest passed,2,1,tests\test_api_auth_and_tickets.py; webapp\e2e\admin-gate.spec.ts,webapp\src\lib\api.ts,Keep covered in regression suite; add narrower route test when behavior changes.
BACKEND-API-158,GET,/api/admin/nodes/health,Admin node operations,Retest passed,3,1,tests\test_api_auth_and_tickets.py; tests\test_observer_api.py; webapp\e2e\admin-gate.spec.ts,webapp\src\lib\api.ts,Keep covered in regression suite; add narrower route test when behavior changes.
BACKEND-API-159,GET,/api/admin/nodes/runtime,Admin node operations,Retest passed,1,1,tests\test_backend_route_gap_coverage.py,webapp\src\lib\api.ts,Keep covered in regression suite; add narrower route test when behavior changes.
BACKEND-API-160,GET,/api/admin/nodes/drift,Admin node operations,Retest passed,1,1,tests\test_api_auth_and_tickets.py,webapp\src\lib\api.ts,Keep covered in regression suite; add narrower route test when behavior changes.
BACKEND-API-161,POST,/api/admin/nodes/sync,Admin node operations,Retest passed,1,1,tests\test_backend_route_gap_coverage.py,webapp\src\lib\api.ts,Keep covered in regression suite; add narrower route test when behavior changes.
BACKEND-API-162,POST,/api/admin/nodes/{node_code}/drain,Admin node operations,Retest passed,4,1,tests\test_api_auth_and_tickets.py; tests\test_backend_route_gap_coverage.py; tests\test_observer_api.py; webapp\e2e\admin-gate.spec.ts,webapp\src\lib\api.ts,Keep covered in regression suite; add narrower route test when behavior changes.
BACKEND-API-163,POST,/api/admin/nodes/{node_code}/enable,Admin node operations,Retest passed,4,1,tests\test_api_auth_and_tickets.py; tests\test_backend_route_gap_coverage.py; tests\test_observer_api.py; webapp\e2e\admin-gate.spec.ts,webapp\src\lib\api.ts,Keep covered in regression suite; add narrower route test when behavior changes.
BACKEND-API-164,POST,/api/admin/nodes/{node_code}/disable,Admin node operations,Retest passed,4,1,tests\test_api_auth_and_tickets.py; tests\test_backend_route_gap_coverage.py; tests\test_observer_api.py; webapp\e2e\admin-gate.spec.ts,webapp\src\lib\api.ts,Keep covered in regression suite; add narrower route test when behavior changes.
BACKEND-API-165,POST,/api/admin/nodes/{node_code}/resync,Admin node operations,Retest passed,4,1,tests\test_api_auth_and_tickets.py; tests\test_backend_route_gap_coverage.py; tests\test_observer_api.py; webapp\e2e\admin-gate.spec.ts,webapp\src\lib\api.ts,Keep covered in regression suite; add narrower route test when behavior changes.
