plan,id,phase,owner_record,mapping_status
REL,PAY-001,P05,../2026-08-21--release-1.2.0-megaplan/EXECUTION-LEDGER.csv,RETAINED_ORIGINAL_ROW; R12_MAPPING_JUST_IN_TIME
REL,PAY-002,P05,../2026-08-21--release-1.2.0-megaplan/EXECUTION-LEDGER.csv,RETAINED_ORIGINAL_ROW; R12_MAPPING_JUST_IN_TIME
REL,REL-001,P01,../2026-08-21--release-1.2.0-megaplan/EXECUTION-LEDGER.csv,RETAINED_ORIGINAL_ROW; R12_MAPPING_JUST_IN_TIME
REL,REL-002,P01,../2026-08-21--release-1.2.0-megaplan/EXECUTION-LEDGER.csv,RETAINED_ORIGINAL_ROW; R12_MAPPING_JUST_IN_TIME
REL,WIN-001,P03,../2026-08-21--release-1.2.0-megaplan/EXECUTION-LEDGER.csv,RETAINED_ORIGINAL_ROW; R12_MAPPING_JUST_IN_TIME
REL,WIN-002,P03,../2026-08-21--release-1.2.0-megaplan/EXECUTION-LEDGER.csv,RETAINED_ORIGINAL_ROW; R12_MAPPING_JUST_IN_TIME
REL,WIN-003,P11,../2026-08-21--release-1.2.0-megaplan/EXECUTION-LEDGER.csv,RETAINED_ORIGINAL_ROW; R12_MAPPING_JUST_IN_TIME
REL,REL-003,P01,../2026-08-21--release-1.2.0-megaplan/EXECUTION-LEDGER.csv,RETAINED_ORIGINAL_ROW; R12_MAPPING_JUST_IN_TIME
REL,VER-001,P01,../2026-08-21--release-1.2.0-megaplan/EXECUTION-LEDGER.csv,RETAINED_ORIGINAL_ROW; R12_MAPPING_JUST_IN_TIME
REL,CONTRACT-001,P06,../2026-08-21--release-1.2.0-megaplan/EXECUTION-LEDGER.csv,RETAINED_ORIGINAL_ROW; R12_MAPPING_JUST_IN_TIME
REL,CORE-001,P02,../2026-08-21--release-1.2.0-megaplan/EXECUTION-LEDGER.csv,RETAINED_ORIGINAL_ROW; R12_MAPPING_JUST_IN_TIME
REL,TEST-001,P01,../2026-08-21--release-1.2.0-megaplan/EXECUTION-LEDGER.csv,RETAINED_ORIGINAL_ROW; R12_MAPPING_JUST_IN_TIME
REL,AND-001,P03,../2026-08-21--release-1.2.0-megaplan/EXECUTION-LEDGER.csv,RETAINED_ORIGINAL_ROW; R12_MAPPING_JUST_IN_TIME
REL,AND-002,P03,../2026-08-21--release-1.2.0-megaplan/EXECUTION-LEDGER.csv,RETAINED_ORIGINAL_ROW; R12_MAPPING_JUST_IN_TIME
REL,UPD-001,P03,../2026-08-21--release-1.2.0-megaplan/EXECUTION-LEDGER.csv,RETAINED_ORIGINAL_ROW; R12_MAPPING_JUST_IN_TIME
REL,DEP-001,P01,../2026-08-21--release-1.2.0-megaplan/EXECUTION-LEDGER.csv,RETAINED_ORIGINAL_ROW; R12_MAPPING_JUST_IN_TIME
REL,API-001,P05,../2026-08-21--release-1.2.0-megaplan/EXECUTION-LEDGER.csv,RETAINED_ORIGINAL_ROW; R12_MAPPING_JUST_IN_TIME
REL,HTTP-001,P05,../2026-08-21--release-1.2.0-megaplan/EXECUTION-LEDGER.csv,RETAINED_ORIGINAL_ROW; R12_MAPPING_JUST_IN_TIME
REL,ARCH-001,P08,../2026-08-21--release-1.2.0-megaplan/EXECUTION-LEDGER.csv,RETAINED_ORIGINAL_ROW; R12_MAPPING_JUST_IN_TIME
REL,ARCH-002,P05,../2026-08-21--release-1.2.0-megaplan/EXECUTION-LEDGER.csv,RETAINED_ORIGINAL_ROW; R12_MAPPING_JUST_IN_TIME
REL,ARCH-003,P08,../2026-08-21--release-1.2.0-megaplan/EXECUTION-LEDGER.csv,RETAINED_ORIGINAL_ROW; R12_MAPPING_JUST_IN_TIME
REL,LNX-001,P03,../2026-08-21--release-1.2.0-megaplan/EXECUTION-LEDGER.csv,RETAINED_ORIGINAL_ROW; R12_MAPPING_JUST_IN_TIME
REL,AND-003,P03,../2026-08-21--release-1.2.0-megaplan/EXECUTION-LEDGER.csv,RETAINED_ORIGINAL_ROW; R12_MAPPING_JUST_IN_TIME
REL,AND-004,P03,../2026-08-21--release-1.2.0-megaplan/EXECUTION-LEDGER.csv,RETAINED_ORIGINAL_ROW; R12_MAPPING_JUST_IN_TIME
REL,AND-005,P03,../2026-08-21--release-1.2.0-megaplan/EXECUTION-LEDGER.csv,RETAINED_ORIGINAL_ROW; R12_MAPPING_JUST_IN_TIME
REL,WIN-004,P03,../2026-08-21--release-1.2.0-megaplan/EXECUTION-LEDGER.csv,RETAINED_ORIGINAL_ROW; R12_MAPPING_JUST_IN_TIME
REL,WIN-005,P03,../2026-08-21--release-1.2.0-megaplan/EXECUTION-LEDGER.csv,RETAINED_ORIGINAL_ROW; R12_MAPPING_JUST_IN_TIME
REL,DOC-001,P01,../2026-08-21--release-1.2.0-megaplan/EXECUTION-LEDGER.csv,RETAINED_ORIGINAL_ROW; R12_MAPPING_JUST_IN_TIME
REL,REPO-001,P01,../2026-08-21--release-1.2.0-megaplan/EXECUTION-LEDGER.csv,RETAINED_ORIGINAL_ROW; R12_MAPPING_JUST_IN_TIME
REL,STATE-001,P02,../2026-08-21--release-1.2.0-megaplan/EXECUTION-LEDGER.csv,RETAINED_ORIGINAL_ROW; R12_MAPPING_JUST_IN_TIME
REL,OBS-001,P04,../2026-08-21--release-1.2.0-megaplan/EXECUTION-LEDGER.csv,RETAINED_ORIGINAL_ROW; R12_MAPPING_JUST_IN_TIME
REL,ABI-001,P02,../2026-08-21--release-1.2.0-megaplan/EXECUTION-LEDGER.csv,RETAINED_ORIGINAL_ROW; R12_MAPPING_JUST_IN_TIME
REL,UX-001,P02,../2026-08-21--release-1.2.0-megaplan/EXECUTION-LEDGER.csv,RETAINED_ORIGINAL_ROW; R12_MAPPING_JUST_IN_TIME
REL,UX-002,P08,../2026-08-21--release-1.2.0-megaplan/EXECUTION-LEDGER.csv,RETAINED_ORIGINAL_ROW; R12_MAPPING_JUST_IN_TIME
REL,PERF-001,P08,../2026-08-21--release-1.2.0-megaplan/EXECUTION-LEDGER.csv,RETAINED_ORIGINAL_ROW; R12_MAPPING_JUST_IN_TIME
REL,SEC-001,P03,../2026-08-21--release-1.2.0-megaplan/EXECUTION-LEDGER.csv,RETAINED_ORIGINAL_ROW; R12_MAPPING_JUST_IN_TIME
REL,MIG-001,P02,../2026-08-21--release-1.2.0-megaplan/EXECUTION-LEDGER.csv,RETAINED_ORIGINAL_ROW; R12_MAPPING_JUST_IN_TIME
REL_GATE,GATE-A,P01,../2026-08-21--release-1.2.0-megaplan/EXECUTION-LEDGER.csv,RETAINED_ORIGINAL_ROW; R12_MAPPING_JUST_IN_TIME
REL_GATE,GATE-B,P02,../2026-08-21--release-1.2.0-megaplan/EXECUTION-LEDGER.csv,RETAINED_ORIGINAL_ROW; R12_MAPPING_JUST_IN_TIME
REL_GATE,GATE-C,P03,../2026-08-21--release-1.2.0-megaplan/EXECUTION-LEDGER.csv,RETAINED_ORIGINAL_ROW; R12_MAPPING_JUST_IN_TIME
REL_GATE,GATE-D,P05,../2026-08-21--release-1.2.0-megaplan/EXECUTION-LEDGER.csv,RETAINED_ORIGINAL_ROW; R12_MAPPING_JUST_IN_TIME
REL_GATE,GATE-E,P08,../2026-08-21--release-1.2.0-megaplan/EXECUTION-LEDGER.csv,RETAINED_ORIGINAL_ROW; R12_MAPPING_JUST_IN_TIME
REL_GATE,GATE-F,P11,../2026-08-21--release-1.2.0-megaplan/EXECUTION-LEDGER.csv,RETAINED_ORIGINAL_ROW; R12_MAPPING_JUST_IN_TIME
REL_DOD,DOD-01,P11,../2026-08-21--release-1.2.0-megaplan/EXECUTION-LEDGER.csv,RETAINED_ORIGINAL_ROW; R12_MAPPING_JUST_IN_TIME
REL_DOD,DOD-02,P01,../2026-08-21--release-1.2.0-megaplan/EXECUTION-LEDGER.csv,RETAINED_ORIGINAL_ROW; R12_MAPPING_JUST_IN_TIME
REL_DOD,DOD-03,P02,../2026-08-21--release-1.2.0-megaplan/EXECUTION-LEDGER.csv,RETAINED_ORIGINAL_ROW; R12_MAPPING_JUST_IN_TIME
REL_DOD,DOD-04,P11,../2026-08-21--release-1.2.0-megaplan/EXECUTION-LEDGER.csv,RETAINED_ORIGINAL_ROW; R12_MAPPING_JUST_IN_TIME
REL_DOD,DOD-05,P03,../2026-08-21--release-1.2.0-megaplan/EXECUTION-LEDGER.csv,RETAINED_ORIGINAL_ROW; R12_MAPPING_JUST_IN_TIME
REL_DOD,DOD-06,P03,../2026-08-21--release-1.2.0-megaplan/EXECUTION-LEDGER.csv,RETAINED_ORIGINAL_ROW; R12_MAPPING_JUST_IN_TIME
REL_DOD,DOD-07,P02,../2026-08-21--release-1.2.0-megaplan/EXECUTION-LEDGER.csv,RETAINED_ORIGINAL_ROW; R12_MAPPING_JUST_IN_TIME
REL_DOD,DOD-08,P05,../2026-08-21--release-1.2.0-megaplan/EXECUTION-LEDGER.csv,RETAINED_ORIGINAL_ROW; R12_MAPPING_JUST_IN_TIME
REL_DOD,DOD-09,P01,../2026-08-21--release-1.2.0-megaplan/EXECUTION-LEDGER.csv,RETAINED_ORIGINAL_ROW; R12_MAPPING_JUST_IN_TIME
REL_DOD,DOD-10,P02,../2026-08-21--release-1.2.0-megaplan/EXECUTION-LEDGER.csv,RETAINED_ORIGINAL_ROW; R12_MAPPING_JUST_IN_TIME
REL_DOD,DOD-11,P02,../2026-08-21--release-1.2.0-megaplan/EXECUTION-LEDGER.csv,RETAINED_ORIGINAL_ROW; R12_MAPPING_JUST_IN_TIME
REL_DOD,DOD-12,P04,../2026-08-21--release-1.2.0-megaplan/EXECUTION-LEDGER.csv,RETAINED_ORIGINAL_ROW; R12_MAPPING_JUST_IN_TIME
REL_DOD,DOD-13,P08,../2026-08-21--release-1.2.0-megaplan/EXECUTION-LEDGER.csv,RETAINED_ORIGINAL_ROW; R12_MAPPING_JUST_IN_TIME
REL_DOD,DOD-14,P08,../2026-08-21--release-1.2.0-megaplan/EXECUTION-LEDGER.csv,RETAINED_ORIGINAL_ROW; R12_MAPPING_JUST_IN_TIME
REL_DOD,DOD-15,P11,../2026-08-21--release-1.2.0-megaplan/EXECUTION-LEDGER.csv,RETAINED_ORIGINAL_ROW; R12_MAPPING_JUST_IN_TIME
REL_DOD,DOD-16,P01,../2026-08-21--release-1.2.0-megaplan/EXECUTION-LEDGER.csv,RETAINED_ORIGINAL_ROW; R12_MAPPING_JUST_IN_TIME
REL_DOD,DOD-17,P11,../2026-08-21--release-1.2.0-megaplan/EXECUTION-LEDGER.csv,RETAINED_ORIGINAL_ROW; R12_MAPPING_JUST_IN_TIME
REL_DOD,DOD-18,P11,../2026-08-21--release-1.2.0-megaplan/EXECUTION-LEDGER.csv,RETAINED_ORIGINAL_ROW; R12_MAPPING_JUST_IN_TIME
REL_DOD,DOD-19,P01,../2026-08-21--release-1.2.0-megaplan/EXECUTION-LEDGER.csv,RETAINED_ORIGINAL_ROW; R12_MAPPING_JUST_IN_TIME
REL_DOD,DOD-20,P11,../2026-08-21--release-1.2.0-megaplan/EXECUTION-LEDGER.csv,RETAINED_ORIGINAL_ROW; R12_MAPPING_JUST_IN_TIME
OBS,OBS-001,P04,../2026-08-21--release-1.2.0-megaplan/EXECUTION-LEDGER.csv,RETAINED_ORIGINAL_ROW; R12_MAPPING_JUST_IN_TIME
OBS,OBS-002,P04,../2026-08-21--release-1.2.0-megaplan/EXECUTION-LEDGER.csv,RETAINED_ORIGINAL_ROW; R12_MAPPING_JUST_IN_TIME
OBS,OBS-003,P04,../2026-08-21--release-1.2.0-megaplan/EXECUTION-LEDGER.csv,RETAINED_ORIGINAL_ROW; R12_MAPPING_JUST_IN_TIME
OBS,OBS-004,P04,../2026-08-21--release-1.2.0-megaplan/EXECUTION-LEDGER.csv,RETAINED_ORIGINAL_ROW; R12_MAPPING_JUST_IN_TIME
OBS,OBS-005,P04,../2026-08-21--release-1.2.0-megaplan/EXECUTION-LEDGER.csv,RETAINED_ORIGINAL_ROW; R12_MAPPING_JUST_IN_TIME
OBS,OBS-006,P04,../2026-08-21--release-1.2.0-megaplan/EXECUTION-LEDGER.csv,RETAINED_ORIGINAL_ROW; R12_MAPPING_JUST_IN_TIME
OBS,OBS-007,P04,../2026-08-21--release-1.2.0-megaplan/EXECUTION-LEDGER.csv,RETAINED_ORIGINAL_ROW; R12_MAPPING_JUST_IN_TIME
OBS,OBS-008,P04,../2026-08-21--release-1.2.0-megaplan/EXECUTION-LEDGER.csv,RETAINED_ORIGINAL_ROW; R12_MAPPING_JUST_IN_TIME
OBS,OBS-009,P04,../2026-08-21--release-1.2.0-megaplan/EXECUTION-LEDGER.csv,RETAINED_ORIGINAL_ROW; R12_MAPPING_JUST_IN_TIME
OBS,OBS-010,P04,../2026-08-21--release-1.2.0-megaplan/EXECUTION-LEDGER.csv,RETAINED_ORIGINAL_ROW; R12_MAPPING_JUST_IN_TIME
OBS,OBS-011,P04,../2026-08-21--release-1.2.0-megaplan/EXECUTION-LEDGER.csv,RETAINED_ORIGINAL_ROW; R12_MAPPING_JUST_IN_TIME
OBS,OBS-012,P04,../2026-08-21--release-1.2.0-megaplan/EXECUTION-LEDGER.csv,RETAINED_ORIGINAL_ROW; R12_MAPPING_JUST_IN_TIME
OBS,OBS-013,P04,../2026-08-21--release-1.2.0-megaplan/EXECUTION-LEDGER.csv,RETAINED_ORIGINAL_ROW; R12_MAPPING_JUST_IN_TIME
OBS,OBS-014,P04,../2026-08-21--release-1.2.0-megaplan/EXECUTION-LEDGER.csv,RETAINED_ORIGINAL_ROW; R12_MAPPING_JUST_IN_TIME
OBS,OBS-015,P04,../2026-08-21--release-1.2.0-megaplan/EXECUTION-LEDGER.csv,RETAINED_ORIGINAL_ROW; R12_MAPPING_JUST_IN_TIME
OBS,OBS-016,P04,../2026-08-21--release-1.2.0-megaplan/EXECUTION-LEDGER.csv,RETAINED_ORIGINAL_ROW; R12_MAPPING_JUST_IN_TIME
OBS,OBS-017,P04,../2026-08-21--release-1.2.0-megaplan/EXECUTION-LEDGER.csv,RETAINED_ORIGINAL_ROW; R12_MAPPING_JUST_IN_TIME
OBS,OBS-018,P04,../2026-08-21--release-1.2.0-megaplan/EXECUTION-LEDGER.csv,RETAINED_ORIGINAL_ROW; R12_MAPPING_JUST_IN_TIME
OBS,OBS-019,P04,../2026-08-21--release-1.2.0-megaplan/EXECUTION-LEDGER.csv,RETAINED_ORIGINAL_ROW; R12_MAPPING_JUST_IN_TIME
OBS,OBS-020,P04,../2026-08-21--release-1.2.0-megaplan/EXECUTION-LEDGER.csv,RETAINED_ORIGINAL_ROW; R12_MAPPING_JUST_IN_TIME
OBS,OBS-021,P04,../2026-08-21--release-1.2.0-megaplan/EXECUTION-LEDGER.csv,RETAINED_ORIGINAL_ROW; R12_MAPPING_JUST_IN_TIME
OBS,OBS-022,P04,../2026-08-21--release-1.2.0-megaplan/EXECUTION-LEDGER.csv,RETAINED_ORIGINAL_ROW; R12_MAPPING_JUST_IN_TIME
OBS,OBS-023,P04,../2026-08-21--release-1.2.0-megaplan/EXECUTION-LEDGER.csv,RETAINED_ORIGINAL_ROW; R12_MAPPING_JUST_IN_TIME
OBS,OBS-024,P04,../2026-08-21--release-1.2.0-megaplan/EXECUTION-LEDGER.csv,RETAINED_ORIGINAL_ROW; R12_MAPPING_JUST_IN_TIME
OBS,OBS-025,P04,../2026-08-21--release-1.2.0-megaplan/EXECUTION-LEDGER.csv,RETAINED_ORIGINAL_ROW; R12_MAPPING_JUST_IN_TIME
OBS,OBS-026,P04,../2026-08-21--release-1.2.0-megaplan/EXECUTION-LEDGER.csv,RETAINED_ORIGINAL_ROW; R12_MAPPING_JUST_IN_TIME
OBS,OBS-027,P04,../2026-08-21--release-1.2.0-megaplan/EXECUTION-LEDGER.csv,RETAINED_ORIGINAL_ROW; R12_MAPPING_JUST_IN_TIME
OBS,OBS-028,P04,../2026-08-21--release-1.2.0-megaplan/EXECUTION-LEDGER.csv,RETAINED_ORIGINAL_ROW; R12_MAPPING_JUST_IN_TIME
OBS,OBS-029,P04,../2026-08-21--release-1.2.0-megaplan/EXECUTION-LEDGER.csv,RETAINED_ORIGINAL_ROW; R12_MAPPING_JUST_IN_TIME
OBS,OBS-030,P04,../2026-08-21--release-1.2.0-megaplan/EXECUTION-LEDGER.csv,RETAINED_ORIGINAL_ROW; R12_MAPPING_JUST_IN_TIME
OBS,OBS-031,P03,../2026-08-21--release-1.2.0-megaplan/EXECUTION-LEDGER.csv,RETAINED_ORIGINAL_ROW; R12_MAPPING_JUST_IN_TIME
OBS,OBS-032,P03,../2026-08-21--release-1.2.0-megaplan/EXECUTION-LEDGER.csv,RETAINED_ORIGINAL_ROW; R12_MAPPING_JUST_IN_TIME
OBS,OBS-033,P03,../2026-08-21--release-1.2.0-megaplan/EXECUTION-LEDGER.csv,RETAINED_ORIGINAL_ROW; R12_MAPPING_JUST_IN_TIME
OBS,OBS-034,P03,../2026-08-21--release-1.2.0-megaplan/EXECUTION-LEDGER.csv,RETAINED_ORIGINAL_ROW; R12_MAPPING_JUST_IN_TIME
OBS,OBS-035,P03,../2026-08-21--release-1.2.0-megaplan/EXECUTION-LEDGER.csv,RETAINED_ORIGINAL_ROW; R12_MAPPING_JUST_IN_TIME
OBS,OBS-036,P03,../2026-08-21--release-1.2.0-megaplan/EXECUTION-LEDGER.csv,RETAINED_ORIGINAL_ROW; R12_MAPPING_JUST_IN_TIME
OBS,OBS-037,P03,../2026-08-21--release-1.2.0-megaplan/EXECUTION-LEDGER.csv,RETAINED_ORIGINAL_ROW; R12_MAPPING_JUST_IN_TIME
OBS,OBS-038,P03,../2026-08-21--release-1.2.0-megaplan/EXECUTION-LEDGER.csv,RETAINED_ORIGINAL_ROW; R12_MAPPING_JUST_IN_TIME
OBS,OBS-039,P03,../2026-08-21--release-1.2.0-megaplan/EXECUTION-LEDGER.csv,RETAINED_ORIGINAL_ROW; R12_MAPPING_JUST_IN_TIME
OBS,OBS-040,P03,../2026-08-21--release-1.2.0-megaplan/EXECUTION-LEDGER.csv,RETAINED_ORIGINAL_ROW; R12_MAPPING_JUST_IN_TIME
OBS,OBS-041,P03,../2026-08-21--release-1.2.0-megaplan/EXECUTION-LEDGER.csv,RETAINED_ORIGINAL_ROW; R12_MAPPING_JUST_IN_TIME
OBS,OBS-042,P03,../2026-08-21--release-1.2.0-megaplan/EXECUTION-LEDGER.csv,RETAINED_ORIGINAL_ROW; R12_MAPPING_JUST_IN_TIME
OBS,OBS-043,P03,../2026-08-21--release-1.2.0-megaplan/EXECUTION-LEDGER.csv,RETAINED_ORIGINAL_ROW; R12_MAPPING_JUST_IN_TIME
OBS,OBS-044,P03,../2026-08-21--release-1.2.0-megaplan/EXECUTION-LEDGER.csv,RETAINED_ORIGINAL_ROW; R12_MAPPING_JUST_IN_TIME
OBS,OBS-045,P03,../2026-08-21--release-1.2.0-megaplan/EXECUTION-LEDGER.csv,RETAINED_ORIGINAL_ROW; R12_MAPPING_JUST_IN_TIME
OBS,OBS-046,P03,../2026-08-21--release-1.2.0-megaplan/EXECUTION-LEDGER.csv,RETAINED_ORIGINAL_ROW; R12_MAPPING_JUST_IN_TIME
OBS,OBS-047,P02,../2026-08-21--release-1.2.0-megaplan/EXECUTION-LEDGER.csv,RETAINED_ORIGINAL_ROW; R12_MAPPING_JUST_IN_TIME
OBS,OBS-048,P02,../2026-08-21--release-1.2.0-megaplan/EXECUTION-LEDGER.csv,RETAINED_ORIGINAL_ROW; R12_MAPPING_JUST_IN_TIME
OBS,OBS-049,P02,../2026-08-21--release-1.2.0-megaplan/EXECUTION-LEDGER.csv,RETAINED_ORIGINAL_ROW; R12_MAPPING_JUST_IN_TIME
OBS,OBS-050,P02,../2026-08-21--release-1.2.0-megaplan/EXECUTION-LEDGER.csv,RETAINED_ORIGINAL_ROW; R12_MAPPING_JUST_IN_TIME
OBS,OBS-051,P04,../2026-08-21--release-1.2.0-megaplan/EXECUTION-LEDGER.csv,RETAINED_ORIGINAL_ROW; R12_MAPPING_JUST_IN_TIME
OBS,OBS-052,P04,../2026-08-21--release-1.2.0-megaplan/EXECUTION-LEDGER.csv,RETAINED_ORIGINAL_ROW; R12_MAPPING_JUST_IN_TIME
OBS,OBS-053,P04,../2026-08-21--release-1.2.0-megaplan/EXECUTION-LEDGER.csv,RETAINED_ORIGINAL_ROW; R12_MAPPING_JUST_IN_TIME
OBS,OBS-054,P04,../2026-08-21--release-1.2.0-megaplan/EXECUTION-LEDGER.csv,RETAINED_ORIGINAL_ROW; R12_MAPPING_JUST_IN_TIME
OBS,OBS-055,P04,../2026-08-21--release-1.2.0-megaplan/EXECUTION-LEDGER.csv,RETAINED_ORIGINAL_ROW; R12_MAPPING_JUST_IN_TIME
OBS,OBS-056,P04,../2026-08-21--release-1.2.0-megaplan/EXECUTION-LEDGER.csv,RETAINED_ORIGINAL_ROW; R12_MAPPING_JUST_IN_TIME
OBS,OBS-057,P04,../2026-08-21--release-1.2.0-megaplan/EXECUTION-LEDGER.csv,RETAINED_ORIGINAL_ROW; R12_MAPPING_JUST_IN_TIME
OBS,OBS-058,P04,../2026-08-21--release-1.2.0-megaplan/EXECUTION-LEDGER.csv,RETAINED_ORIGINAL_ROW; R12_MAPPING_JUST_IN_TIME
OBS,OBS-059,P04,../2026-08-21--release-1.2.0-megaplan/EXECUTION-LEDGER.csv,RETAINED_ORIGINAL_ROW; R12_MAPPING_JUST_IN_TIME
OBS,OBS-060,P04,../2026-08-21--release-1.2.0-megaplan/EXECUTION-LEDGER.csv,RETAINED_ORIGINAL_ROW; R12_MAPPING_JUST_IN_TIME
OBS,OBS-061,P07,../2026-08-21--release-1.2.0-megaplan/EXECUTION-LEDGER.csv,RETAINED_ORIGINAL_ROW; R12_MAPPING_JUST_IN_TIME
OBS,OBS-062,P07,../2026-08-21--release-1.2.0-megaplan/EXECUTION-LEDGER.csv,RETAINED_ORIGINAL_ROW; R12_MAPPING_JUST_IN_TIME
OBS,OBS-063,P07,../2026-08-21--release-1.2.0-megaplan/EXECUTION-LEDGER.csv,RETAINED_ORIGINAL_ROW; R12_MAPPING_JUST_IN_TIME
OBS,OBS-064,P07,../2026-08-21--release-1.2.0-megaplan/EXECUTION-LEDGER.csv,RETAINED_ORIGINAL_ROW; R12_MAPPING_JUST_IN_TIME
OBS,OBS-065,P07,../2026-08-21--release-1.2.0-megaplan/EXECUTION-LEDGER.csv,RETAINED_ORIGINAL_ROW; R12_MAPPING_JUST_IN_TIME
OBS,OBS-066,P07,../2026-08-21--release-1.2.0-megaplan/EXECUTION-LEDGER.csv,RETAINED_ORIGINAL_ROW; R12_MAPPING_JUST_IN_TIME
OBS,OBS-067,P08,../2026-08-21--release-1.2.0-megaplan/EXECUTION-LEDGER.csv,RETAINED_ORIGINAL_ROW; R12_MAPPING_JUST_IN_TIME
OBS,OBS-068,P08,../2026-08-21--release-1.2.0-megaplan/EXECUTION-LEDGER.csv,RETAINED_ORIGINAL_ROW; R12_MAPPING_JUST_IN_TIME
OBS,OBS-069,P08,../2026-08-21--release-1.2.0-megaplan/EXECUTION-LEDGER.csv,RETAINED_ORIGINAL_ROW; R12_MAPPING_JUST_IN_TIME
OBS,OBS-070,P08,../2026-08-21--release-1.2.0-megaplan/EXECUTION-LEDGER.csv,RETAINED_ORIGINAL_ROW; R12_MAPPING_JUST_IN_TIME
OBS,OBS-071,P08,../2026-08-21--release-1.2.0-megaplan/EXECUTION-LEDGER.csv,RETAINED_ORIGINAL_ROW; R12_MAPPING_JUST_IN_TIME
OBS,OBS-072,P08,../2026-08-21--release-1.2.0-megaplan/EXECUTION-LEDGER.csv,RETAINED_ORIGINAL_ROW; R12_MAPPING_JUST_IN_TIME
OBS,OBS-073,P08,../2026-08-21--release-1.2.0-megaplan/EXECUTION-LEDGER.csv,RETAINED_ORIGINAL_ROW; R12_MAPPING_JUST_IN_TIME
OBS,OBS-074,P08,../2026-08-21--release-1.2.0-megaplan/EXECUTION-LEDGER.csv,RETAINED_ORIGINAL_ROW; R12_MAPPING_JUST_IN_TIME
OBS,OBS-075,P11,../2026-08-21--release-1.2.0-megaplan/EXECUTION-LEDGER.csv,RETAINED_ORIGINAL_ROW; R12_MAPPING_JUST_IN_TIME
OBS,OBS-076,P11,../2026-08-21--release-1.2.0-megaplan/EXECUTION-LEDGER.csv,RETAINED_ORIGINAL_ROW; R12_MAPPING_JUST_IN_TIME
OBS,OBS-077,P11,../2026-08-21--release-1.2.0-megaplan/EXECUTION-LEDGER.csv,RETAINED_ORIGINAL_ROW; R12_MAPPING_JUST_IN_TIME
OBS,OBS-078,P11,../2026-08-21--release-1.2.0-megaplan/EXECUTION-LEDGER.csv,RETAINED_ORIGINAL_ROW; R12_MAPPING_JUST_IN_TIME
OBS,OBS-079,P11,../2026-08-21--release-1.2.0-megaplan/EXECUTION-LEDGER.csv,RETAINED_ORIGINAL_ROW; R12_MAPPING_JUST_IN_TIME
OBS,OBS-080,P11,../2026-08-21--release-1.2.0-megaplan/EXECUTION-LEDGER.csv,RETAINED_ORIGINAL_ROW; R12_MAPPING_JUST_IN_TIME
OBS,OBS-081,P11,../2026-08-21--release-1.2.0-megaplan/EXECUTION-LEDGER.csv,RETAINED_ORIGINAL_ROW; R12_MAPPING_JUST_IN_TIME
OBS,OBS-082,P11,../2026-08-21--release-1.2.0-megaplan/EXECUTION-LEDGER.csv,RETAINED_ORIGINAL_ROW; R12_MAPPING_JUST_IN_TIME
OBS,OBS-083,P11,../2026-08-21--release-1.2.0-megaplan/EXECUTION-LEDGER.csv,RETAINED_ORIGINAL_ROW; R12_MAPPING_JUST_IN_TIME
OBS,OBS-084,P11,../2026-08-21--release-1.2.0-megaplan/EXECUTION-LEDGER.csv,RETAINED_ORIGINAL_ROW; R12_MAPPING_JUST_IN_TIME
OBS,OBS-085,P11,../2026-08-21--release-1.2.0-megaplan/EXECUTION-LEDGER.csv,RETAINED_ORIGINAL_ROW; R12_MAPPING_JUST_IN_TIME
OBS,OBS-086,P08,../2026-08-21--release-1.2.0-megaplan/EXECUTION-LEDGER.csv,RETAINED_ORIGINAL_ROW; R12_MAPPING_JUST_IN_TIME
OBS,OBS-087,P08,../2026-08-21--release-1.2.0-megaplan/EXECUTION-LEDGER.csv,RETAINED_ORIGINAL_ROW; R12_MAPPING_JUST_IN_TIME
OBS,OBS-088,P08,../2026-08-21--release-1.2.0-megaplan/EXECUTION-LEDGER.csv,RETAINED_ORIGINAL_ROW; R12_MAPPING_JUST_IN_TIME
OBS,OBS-089,P08,../2026-08-21--release-1.2.0-megaplan/EXECUTION-LEDGER.csv,RETAINED_ORIGINAL_ROW; R12_MAPPING_JUST_IN_TIME
OBS,OBS-090,P08,../2026-08-21--release-1.2.0-megaplan/EXECUTION-LEDGER.csv,RETAINED_ORIGINAL_ROW; R12_MAPPING_JUST_IN_TIME
OBS_DOD,DOD-01,P04,../2026-08-21--release-1.2.0-megaplan/EXECUTION-LEDGER.csv,RETAINED_ORIGINAL_ROW; R12_MAPPING_JUST_IN_TIME
OBS_DOD,DOD-02,P04,../2026-08-21--release-1.2.0-megaplan/EXECUTION-LEDGER.csv,RETAINED_ORIGINAL_ROW; R12_MAPPING_JUST_IN_TIME
OBS_DOD,DOD-03,P04,../2026-08-21--release-1.2.0-megaplan/EXECUTION-LEDGER.csv,RETAINED_ORIGINAL_ROW; R12_MAPPING_JUST_IN_TIME
OBS_DOD,DOD-04,P04,../2026-08-21--release-1.2.0-megaplan/EXECUTION-LEDGER.csv,RETAINED_ORIGINAL_ROW; R12_MAPPING_JUST_IN_TIME
OBS_DOD,DOD-05,P04,../2026-08-21--release-1.2.0-megaplan/EXECUTION-LEDGER.csv,RETAINED_ORIGINAL_ROW; R12_MAPPING_JUST_IN_TIME
OBS_DOD,DOD-06,P04,../2026-08-21--release-1.2.0-megaplan/EXECUTION-LEDGER.csv,RETAINED_ORIGINAL_ROW; R12_MAPPING_JUST_IN_TIME
OBS_DOD,DOD-07,P04,../2026-08-21--release-1.2.0-megaplan/EXECUTION-LEDGER.csv,RETAINED_ORIGINAL_ROW; R12_MAPPING_JUST_IN_TIME
OBS_DOD,DOD-08,P04,../2026-08-21--release-1.2.0-megaplan/EXECUTION-LEDGER.csv,RETAINED_ORIGINAL_ROW; R12_MAPPING_JUST_IN_TIME
OBS_DOD,DOD-09,P04,../2026-08-21--release-1.2.0-megaplan/EXECUTION-LEDGER.csv,RETAINED_ORIGINAL_ROW; R12_MAPPING_JUST_IN_TIME
OBS_DOD,DOD-10,P04,../2026-08-21--release-1.2.0-megaplan/EXECUTION-LEDGER.csv,RETAINED_ORIGINAL_ROW; R12_MAPPING_JUST_IN_TIME
OBS_DOD,DOD-11,P04,../2026-08-21--release-1.2.0-megaplan/EXECUTION-LEDGER.csv,RETAINED_ORIGINAL_ROW; R12_MAPPING_JUST_IN_TIME
OBS_DOD,DOD-12,P04,../2026-08-21--release-1.2.0-megaplan/EXECUTION-LEDGER.csv,RETAINED_ORIGINAL_ROW; R12_MAPPING_JUST_IN_TIME
OBS_DOD,DOD-13,P04,../2026-08-21--release-1.2.0-megaplan/EXECUTION-LEDGER.csv,RETAINED_ORIGINAL_ROW; R12_MAPPING_JUST_IN_TIME
OBS_DOD,DOD-14,P04,../2026-08-21--release-1.2.0-megaplan/EXECUTION-LEDGER.csv,RETAINED_ORIGINAL_ROW; R12_MAPPING_JUST_IN_TIME
OBS_DOD,DOD-15,P04,../2026-08-21--release-1.2.0-megaplan/EXECUTION-LEDGER.csv,RETAINED_ORIGINAL_ROW; R12_MAPPING_JUST_IN_TIME
OBS_DOD,DOD-16,P04,../2026-08-21--release-1.2.0-megaplan/EXECUTION-LEDGER.csv,RETAINED_ORIGINAL_ROW; R12_MAPPING_JUST_IN_TIME
OBS_DOD,DOD-17,P04,../2026-08-21--release-1.2.0-megaplan/EXECUTION-LEDGER.csv,RETAINED_ORIGINAL_ROW; R12_MAPPING_JUST_IN_TIME
OBS_DOD,DOD-18,P04,../2026-08-21--release-1.2.0-megaplan/EXECUTION-LEDGER.csv,RETAINED_ORIGINAL_ROW; R12_MAPPING_JUST_IN_TIME
OBS_DOD,DOD-19,P04,../2026-08-21--release-1.2.0-megaplan/EXECUTION-LEDGER.csv,RETAINED_ORIGINAL_ROW; R12_MAPPING_JUST_IN_TIME
OBS_DOD,DOD-20,P04,../2026-08-21--release-1.2.0-megaplan/EXECUTION-LEDGER.csv,RETAINED_ORIGINAL_ROW; R12_MAPPING_JUST_IN_TIME
OBS_DOD,DOD-21,P04,../2026-08-21--release-1.2.0-megaplan/EXECUTION-LEDGER.csv,RETAINED_ORIGINAL_ROW; R12_MAPPING_JUST_IN_TIME
OBS_DOD,DOD-22,P11,../2026-08-21--release-1.2.0-megaplan/EXECUTION-LEDGER.csv,RETAINED_ORIGINAL_ROW; R12_MAPPING_JUST_IN_TIME
OBS_DOD,DOD-23,P11,../2026-08-21--release-1.2.0-megaplan/EXECUTION-LEDGER.csv,RETAINED_ORIGINAL_ROW; R12_MAPPING_JUST_IN_TIME
OBS_DOD,DOD-24,P11,../2026-08-21--release-1.2.0-megaplan/EXECUTION-LEDGER.csv,RETAINED_ORIGINAL_ROW; R12_MAPPING_JUST_IN_TIME
OBS_DOD,DOD-25,P11,../2026-08-21--release-1.2.0-megaplan/EXECUTION-LEDGER.csv,RETAINED_ORIGINAL_ROW; R12_MAPPING_JUST_IN_TIME
OBS_DOD,DOD-26,P11,../2026-08-21--release-1.2.0-megaplan/EXECUTION-LEDGER.csv,RETAINED_ORIGINAL_ROW; R12_MAPPING_JUST_IN_TIME
OBS_DOD,DOD-27,P11,../2026-08-21--release-1.2.0-megaplan/EXECUTION-LEDGER.csv,RETAINED_ORIGINAL_ROW; R12_MAPPING_JUST_IN_TIME
OBS_DOD,DOD-28,P11,../2026-08-21--release-1.2.0-megaplan/EXECUTION-LEDGER.csv,RETAINED_ORIGINAL_ROW; R12_MAPPING_JUST_IN_TIME
OBS_DOD,DOD-29,P11,../2026-08-21--release-1.2.0-megaplan/EXECUTION-LEDGER.csv,RETAINED_ORIGINAL_ROW; R12_MAPPING_JUST_IN_TIME
OBS_DOD,DOD-30,P11,../2026-08-21--release-1.2.0-megaplan/EXECUTION-LEDGER.csv,RETAINED_ORIGINAL_ROW; R12_MAPPING_JUST_IN_TIME
OBS_PB,PB-01,P04,../2026-08-21--release-1.2.0-megaplan/EXECUTION-LEDGER.csv,RETAINED_ORIGINAL_ROW; R12_MAPPING_JUST_IN_TIME
OBS_PB,PB-02,P04,../2026-08-21--release-1.2.0-megaplan/EXECUTION-LEDGER.csv,RETAINED_ORIGINAL_ROW; R12_MAPPING_JUST_IN_TIME
OBS_PB,PB-03,P04,../2026-08-21--release-1.2.0-megaplan/EXECUTION-LEDGER.csv,RETAINED_ORIGINAL_ROW; R12_MAPPING_JUST_IN_TIME
OBS_PB,PB-04,P04,../2026-08-21--release-1.2.0-megaplan/EXECUTION-LEDGER.csv,RETAINED_ORIGINAL_ROW; R12_MAPPING_JUST_IN_TIME
OBS_PB,PB-05,P04,../2026-08-21--release-1.2.0-megaplan/EXECUTION-LEDGER.csv,RETAINED_ORIGINAL_ROW; R12_MAPPING_JUST_IN_TIME
OBS_PB,PB-06,P04,../2026-08-21--release-1.2.0-megaplan/EXECUTION-LEDGER.csv,RETAINED_ORIGINAL_ROW; R12_MAPPING_JUST_IN_TIME
OBS_PB,PB-07,P04,../2026-08-21--release-1.2.0-megaplan/EXECUTION-LEDGER.csv,RETAINED_ORIGINAL_ROW; R12_MAPPING_JUST_IN_TIME
OBS_PB,PB-08,P04,../2026-08-21--release-1.2.0-megaplan/EXECUTION-LEDGER.csv,RETAINED_ORIGINAL_ROW; R12_MAPPING_JUST_IN_TIME
OBS_PB,PB-09,P04,../2026-08-21--release-1.2.0-megaplan/EXECUTION-LEDGER.csv,RETAINED_ORIGINAL_ROW; R12_MAPPING_JUST_IN_TIME
OBS_PB,PB-10,P04,../2026-08-21--release-1.2.0-megaplan/EXECUTION-LEDGER.csv,RETAINED_ORIGINAL_ROW; R12_MAPPING_JUST_IN_TIME
OBS_PB,PB-11,P04,../2026-08-21--release-1.2.0-megaplan/EXECUTION-LEDGER.csv,RETAINED_ORIGINAL_ROW; R12_MAPPING_JUST_IN_TIME
OBS_PB,PB-12,P04,../2026-08-21--release-1.2.0-megaplan/EXECUTION-LEDGER.csv,RETAINED_ORIGINAL_ROW; R12_MAPPING_JUST_IN_TIME
OBS_PB,PB-13,P04,../2026-08-21--release-1.2.0-megaplan/EXECUTION-LEDGER.csv,RETAINED_ORIGINAL_ROW; R12_MAPPING_JUST_IN_TIME
OBS_PB,PB-14,P04,../2026-08-21--release-1.2.0-megaplan/EXECUTION-LEDGER.csv,RETAINED_ORIGINAL_ROW; R12_MAPPING_JUST_IN_TIME
OC,OC-000,P07,../2026-08-21--release-1.2.0-megaplan/EXECUTION-LEDGER.csv,RETAINED_ORIGINAL_ROW; R12_MAPPING_JUST_IN_TIME
OC,OC-100,P07,../2026-08-21--release-1.2.0-megaplan/EXECUTION-LEDGER.csv,RETAINED_ORIGINAL_ROW; R12_MAPPING_JUST_IN_TIME
OC,OC-110,P07,../2026-08-21--release-1.2.0-megaplan/EXECUTION-LEDGER.csv,RETAINED_ORIGINAL_ROW; R12_MAPPING_JUST_IN_TIME
OC,OC-120,P07,../2026-08-21--release-1.2.0-megaplan/EXECUTION-LEDGER.csv,RETAINED_ORIGINAL_ROW; R12_MAPPING_JUST_IN_TIME
OC,OC-130,P07,../2026-08-21--release-1.2.0-megaplan/EXECUTION-LEDGER.csv,RETAINED_ORIGINAL_ROW; R12_MAPPING_JUST_IN_TIME
OC,OC-140,P07,../2026-08-21--release-1.2.0-megaplan/EXECUTION-LEDGER.csv,RETAINED_ORIGINAL_ROW; R12_MAPPING_JUST_IN_TIME
OC,OC-200,P07,../2026-08-21--release-1.2.0-megaplan/EXECUTION-LEDGER.csv,RETAINED_ORIGINAL_ROW; R12_MAPPING_JUST_IN_TIME
OC,OC-210,P07,../2026-08-21--release-1.2.0-megaplan/EXECUTION-LEDGER.csv,RETAINED_ORIGINAL_ROW; R12_MAPPING_JUST_IN_TIME
OC,OC-220,P07,../2026-08-21--release-1.2.0-megaplan/EXECUTION-LEDGER.csv,RETAINED_ORIGINAL_ROW; R12_MAPPING_JUST_IN_TIME
OC,OC-230,P07,../2026-08-21--release-1.2.0-megaplan/EXECUTION-LEDGER.csv,RETAINED_ORIGINAL_ROW; R12_MAPPING_JUST_IN_TIME
OC,OC-300,P07,../2026-08-21--release-1.2.0-megaplan/EXECUTION-LEDGER.csv,RETAINED_ORIGINAL_ROW; R12_MAPPING_JUST_IN_TIME
OC,OC-310,P07,../2026-08-21--release-1.2.0-megaplan/EXECUTION-LEDGER.csv,RETAINED_ORIGINAL_ROW; R12_MAPPING_JUST_IN_TIME
OC,OC-320,P07,../2026-08-21--release-1.2.0-megaplan/EXECUTION-LEDGER.csv,RETAINED_ORIGINAL_ROW; R12_MAPPING_JUST_IN_TIME
OC,OC-330,P07,../2026-08-21--release-1.2.0-megaplan/EXECUTION-LEDGER.csv,RETAINED_ORIGINAL_ROW; R12_MAPPING_JUST_IN_TIME
OC,OC-340,P07,../2026-08-21--release-1.2.0-megaplan/EXECUTION-LEDGER.csv,RETAINED_ORIGINAL_ROW; R12_MAPPING_JUST_IN_TIME
OC,OC-400,P07,../2026-08-21--release-1.2.0-megaplan/EXECUTION-LEDGER.csv,RETAINED_ORIGINAL_ROW; R12_MAPPING_JUST_IN_TIME
OC,OC-410,P07,../2026-08-21--release-1.2.0-megaplan/EXECUTION-LEDGER.csv,RETAINED_ORIGINAL_ROW; R12_MAPPING_JUST_IN_TIME
OC,OC-420,P07,../2026-08-21--release-1.2.0-megaplan/EXECUTION-LEDGER.csv,RETAINED_ORIGINAL_ROW; R12_MAPPING_JUST_IN_TIME
OC,OC-430,P07,../2026-08-21--release-1.2.0-megaplan/EXECUTION-LEDGER.csv,RETAINED_ORIGINAL_ROW; R12_MAPPING_JUST_IN_TIME
OC,OC-440,P07,../2026-08-21--release-1.2.0-megaplan/EXECUTION-LEDGER.csv,RETAINED_ORIGINAL_ROW; R12_MAPPING_JUST_IN_TIME
OC,OC-500,P07,../2026-08-21--release-1.2.0-megaplan/EXECUTION-LEDGER.csv,RETAINED_ORIGINAL_ROW; R12_MAPPING_JUST_IN_TIME
OC,OC-510,P07,../2026-08-21--release-1.2.0-megaplan/EXECUTION-LEDGER.csv,RETAINED_ORIGINAL_ROW; R12_MAPPING_JUST_IN_TIME
OC,OC-520,P07,../2026-08-21--release-1.2.0-megaplan/EXECUTION-LEDGER.csv,RETAINED_ORIGINAL_ROW; R12_MAPPING_JUST_IN_TIME
OC,OC-530,P07,../2026-08-21--release-1.2.0-megaplan/EXECUTION-LEDGER.csv,RETAINED_ORIGINAL_ROW; R12_MAPPING_JUST_IN_TIME
OC,OC-540,P07,../2026-08-21--release-1.2.0-megaplan/EXECUTION-LEDGER.csv,RETAINED_ORIGINAL_ROW; R12_MAPPING_JUST_IN_TIME
OC,OC-600,P07,../2026-08-21--release-1.2.0-megaplan/EXECUTION-LEDGER.csv,RETAINED_ORIGINAL_ROW; R12_MAPPING_JUST_IN_TIME
OC,OC-610,P07,../2026-08-21--release-1.2.0-megaplan/EXECUTION-LEDGER.csv,RETAINED_ORIGINAL_ROW; R12_MAPPING_JUST_IN_TIME
OC,OC-620,P07,../2026-08-21--release-1.2.0-megaplan/EXECUTION-LEDGER.csv,RETAINED_ORIGINAL_ROW; R12_MAPPING_JUST_IN_TIME
OC,OC-630,P07,../2026-08-21--release-1.2.0-megaplan/EXECUTION-LEDGER.csv,RETAINED_ORIGINAL_ROW; R12_MAPPING_JUST_IN_TIME
OC,OC-640,P07,../2026-08-21--release-1.2.0-megaplan/EXECUTION-LEDGER.csv,RETAINED_ORIGINAL_ROW; R12_MAPPING_JUST_IN_TIME
FE_BUG,P0-CONN-001,P02,../2026-08-21--release-1.2.0-megaplan/EXECUTION-LEDGER.csv,RETAINED_ORIGINAL_ROW; R12_MAPPING_JUST_IN_TIME
FE_BUG,P0-CONN-002,P02,../2026-08-21--release-1.2.0-megaplan/EXECUTION-LEDGER.csv,RETAINED_ORIGINAL_ROW; R12_MAPPING_JUST_IN_TIME
FE_BUG,P0-CONN-003,P02,../2026-08-21--release-1.2.0-megaplan/EXECUTION-LEDGER.csv,RETAINED_ORIGINAL_ROW; R12_MAPPING_JUST_IN_TIME
FE,P12-001,P02,../2026-08-21--release-1.2.0-megaplan/EXECUTION-LEDGER.csv,RETAINED_ORIGINAL_ROW; R12_MAPPING_JUST_IN_TIME
FE,P12-002,P02,../2026-08-21--release-1.2.0-megaplan/EXECUTION-LEDGER.csv,RETAINED_ORIGINAL_ROW; R12_MAPPING_JUST_IN_TIME
FE,P12-003,P02,../2026-08-21--release-1.2.0-megaplan/EXECUTION-LEDGER.csv,RETAINED_ORIGINAL_ROW; R12_MAPPING_JUST_IN_TIME
FE,P12-004,P02,../2026-08-21--release-1.2.0-megaplan/EXECUTION-LEDGER.csv,RETAINED_ORIGINAL_ROW; R12_MAPPING_JUST_IN_TIME
FE,P12-005,P02,../2026-08-21--release-1.2.0-megaplan/EXECUTION-LEDGER.csv,RETAINED_ORIGINAL_ROW; R12_MAPPING_JUST_IN_TIME
FE,P12-006,P08,../2026-08-21--release-1.2.0-megaplan/EXECUTION-LEDGER.csv,RETAINED_ORIGINAL_ROW; R12_MAPPING_JUST_IN_TIME
FE,P12-007,P08,../2026-08-21--release-1.2.0-megaplan/EXECUTION-LEDGER.csv,RETAINED_ORIGINAL_ROW; R12_MAPPING_JUST_IN_TIME
FE,P12-008,P08,../2026-08-21--release-1.2.0-megaplan/EXECUTION-LEDGER.csv,RETAINED_ORIGINAL_ROW; R12_MAPPING_JUST_IN_TIME
FE,P12-009,P08,../2026-08-21--release-1.2.0-megaplan/EXECUTION-LEDGER.csv,RETAINED_ORIGINAL_ROW; R12_MAPPING_JUST_IN_TIME
FE,P12-010,P01,../2026-08-21--release-1.2.0-megaplan/EXECUTION-LEDGER.csv,RETAINED_ORIGINAL_ROW; R12_MAPPING_JUST_IN_TIME
FE,P12-011,P06,../2026-08-21--release-1.2.0-megaplan/EXECUTION-LEDGER.csv,RETAINED_ORIGINAL_ROW; R12_MAPPING_JUST_IN_TIME
FE,P12-012,P06,../2026-08-21--release-1.2.0-megaplan/EXECUTION-LEDGER.csv,RETAINED_ORIGINAL_ROW; R12_MAPPING_JUST_IN_TIME
FE,P12-013,P06,../2026-08-21--release-1.2.0-megaplan/EXECUTION-LEDGER.csv,RETAINED_ORIGINAL_ROW; R12_MAPPING_JUST_IN_TIME
FE,P12-014,P06,../2026-08-21--release-1.2.0-megaplan/EXECUTION-LEDGER.csv,RETAINED_ORIGINAL_ROW; R12_MAPPING_JUST_IN_TIME
FE,P12-015,P08,../2026-08-21--release-1.2.0-megaplan/EXECUTION-LEDGER.csv,RETAINED_ORIGINAL_ROW; R12_MAPPING_JUST_IN_TIME
FE,P12-016,P08,../2026-08-21--release-1.2.0-megaplan/EXECUTION-LEDGER.csv,RETAINED_ORIGINAL_ROW; R12_MAPPING_JUST_IN_TIME
FE,P12-017,P08,../2026-08-21--release-1.2.0-megaplan/EXECUTION-LEDGER.csv,RETAINED_ORIGINAL_ROW; R12_MAPPING_JUST_IN_TIME
FE,P12-018,P08,../2026-08-21--release-1.2.0-megaplan/EXECUTION-LEDGER.csv,RETAINED_ORIGINAL_ROW; R12_MAPPING_JUST_IN_TIME
FE,P12-019,P08,../2026-08-21--release-1.2.0-megaplan/EXECUTION-LEDGER.csv,RETAINED_ORIGINAL_ROW; R12_MAPPING_JUST_IN_TIME
FE,P12-020,P01,../2026-08-21--release-1.2.0-megaplan/EXECUTION-LEDGER.csv,RETAINED_ORIGINAL_ROW; R12_MAPPING_JUST_IN_TIME
FE,P12-021,P01,../2026-08-21--release-1.2.0-megaplan/EXECUTION-LEDGER.csv,RETAINED_ORIGINAL_ROW; R12_MAPPING_JUST_IN_TIME
FE,P12-022,P01,../2026-08-21--release-1.2.0-megaplan/EXECUTION-LEDGER.csv,RETAINED_ORIGINAL_ROW; R12_MAPPING_JUST_IN_TIME
FE,P12-023,P01,../2026-08-21--release-1.2.0-megaplan/EXECUTION-LEDGER.csv,RETAINED_ORIGINAL_ROW; R12_MAPPING_JUST_IN_TIME
FE,P12-024,P06,../2026-08-21--release-1.2.0-megaplan/EXECUTION-LEDGER.csv,RETAINED_ORIGINAL_ROW; R12_MAPPING_JUST_IN_TIME
FE,P12-101,P08,../2026-08-21--release-1.2.0-megaplan/EXECUTION-LEDGER.csv,RETAINED_ORIGINAL_ROW; R12_MAPPING_JUST_IN_TIME
FE,P12-102,P08,../2026-08-21--release-1.2.0-megaplan/EXECUTION-LEDGER.csv,RETAINED_ORIGINAL_ROW; R12_MAPPING_JUST_IN_TIME
FE,P12-103,P08,../2026-08-21--release-1.2.0-megaplan/EXECUTION-LEDGER.csv,RETAINED_ORIGINAL_ROW; R12_MAPPING_JUST_IN_TIME
FE,P12-104,P08,../2026-08-21--release-1.2.0-megaplan/EXECUTION-LEDGER.csv,RETAINED_ORIGINAL_ROW; R12_MAPPING_JUST_IN_TIME
FE,P12-105,P08,../2026-08-21--release-1.2.0-megaplan/EXECUTION-LEDGER.csv,RETAINED_ORIGINAL_ROW; R12_MAPPING_JUST_IN_TIME
FE,P12-106,P08,../2026-08-21--release-1.2.0-megaplan/EXECUTION-LEDGER.csv,RETAINED_ORIGINAL_ROW; R12_MAPPING_JUST_IN_TIME
FE,P12-107,P08,../2026-08-21--release-1.2.0-megaplan/EXECUTION-LEDGER.csv,RETAINED_ORIGINAL_ROW; R12_MAPPING_JUST_IN_TIME
FE,P12-108,P08,../2026-08-21--release-1.2.0-megaplan/EXECUTION-LEDGER.csv,RETAINED_ORIGINAL_ROW; R12_MAPPING_JUST_IN_TIME
FE,P12-109,P08,../2026-08-21--release-1.2.0-megaplan/EXECUTION-LEDGER.csv,RETAINED_ORIGINAL_ROW; R12_MAPPING_JUST_IN_TIME
FE,P12-110,P08,../2026-08-21--release-1.2.0-megaplan/EXECUTION-LEDGER.csv,RETAINED_ORIGINAL_ROW; R12_MAPPING_JUST_IN_TIME
FE,P12-111,P08,../2026-08-21--release-1.2.0-megaplan/EXECUTION-LEDGER.csv,RETAINED_ORIGINAL_ROW; R12_MAPPING_JUST_IN_TIME
FE,P12-112,P04,../2026-08-21--release-1.2.0-megaplan/EXECUTION-LEDGER.csv,RETAINED_ORIGINAL_ROW; R12_MAPPING_JUST_IN_TIME
FE,P12-113,P08,../2026-08-21--release-1.2.0-megaplan/EXECUTION-LEDGER.csv,RETAINED_ORIGINAL_ROW; R12_MAPPING_JUST_IN_TIME
FE,P12-114,P08,../2026-08-21--release-1.2.0-megaplan/EXECUTION-LEDGER.csv,RETAINED_ORIGINAL_ROW; R12_MAPPING_JUST_IN_TIME
FE,P12-115,P08,../2026-08-21--release-1.2.0-megaplan/EXECUTION-LEDGER.csv,RETAINED_ORIGINAL_ROW; R12_MAPPING_JUST_IN_TIME
FE,P12-116,P08,../2026-08-21--release-1.2.0-megaplan/EXECUTION-LEDGER.csv,RETAINED_ORIGINAL_ROW; R12_MAPPING_JUST_IN_TIME
FE,P12-117,P08,../2026-08-21--release-1.2.0-megaplan/EXECUTION-LEDGER.csv,RETAINED_ORIGINAL_ROW; R12_MAPPING_JUST_IN_TIME
FE,P12-118,P08,../2026-08-21--release-1.2.0-megaplan/EXECUTION-LEDGER.csv,RETAINED_ORIGINAL_ROW; R12_MAPPING_JUST_IN_TIME
FE,P12-119,P08,../2026-08-21--release-1.2.0-megaplan/EXECUTION-LEDGER.csv,RETAINED_ORIGINAL_ROW; R12_MAPPING_JUST_IN_TIME
FE,P12-120,P06,../2026-08-21--release-1.2.0-megaplan/EXECUTION-LEDGER.csv,RETAINED_ORIGINAL_ROW; R12_MAPPING_JUST_IN_TIME
FE,P12-121,P08,../2026-08-21--release-1.2.0-megaplan/EXECUTION-LEDGER.csv,RETAINED_ORIGINAL_ROW; R12_MAPPING_JUST_IN_TIME
FE,P12-122,P08,../2026-08-21--release-1.2.0-megaplan/EXECUTION-LEDGER.csv,RETAINED_ORIGINAL_ROW; R12_MAPPING_JUST_IN_TIME
FE,P12-123,P08,../2026-08-21--release-1.2.0-megaplan/EXECUTION-LEDGER.csv,RETAINED_ORIGINAL_ROW; R12_MAPPING_JUST_IN_TIME
FE,P12-124,P08,../2026-08-21--release-1.2.0-megaplan/EXECUTION-LEDGER.csv,RETAINED_ORIGINAL_ROW; R12_MAPPING_JUST_IN_TIME
FE,P12-125,P08,../2026-08-21--release-1.2.0-megaplan/EXECUTION-LEDGER.csv,RETAINED_ORIGINAL_ROW; R12_MAPPING_JUST_IN_TIME
FE,P12-126,P04,../2026-08-21--release-1.2.0-megaplan/EXECUTION-LEDGER.csv,RETAINED_ORIGINAL_ROW; R12_MAPPING_JUST_IN_TIME
FE,P12-127,P09,../2026-08-21--release-1.2.0-megaplan/EXECUTION-LEDGER.csv,RETAINED_ORIGINAL_ROW; R12_MAPPING_JUST_IN_TIME
FE,P12-128,P08,../2026-08-21--release-1.2.0-megaplan/EXECUTION-LEDGER.csv,RETAINED_ORIGINAL_ROW; R12_MAPPING_JUST_IN_TIME
FE,P12-129,P06,../2026-08-21--release-1.2.0-megaplan/EXECUTION-LEDGER.csv,RETAINED_ORIGINAL_ROW; R12_MAPPING_JUST_IN_TIME
FE,P12-130,P11,../2026-08-21--release-1.2.0-megaplan/EXECUTION-LEDGER.csv,RETAINED_ORIGINAL_ROW; R12_MAPPING_JUST_IN_TIME
FE,P12-201,P02,../2026-08-21--release-1.2.0-megaplan/EXECUTION-LEDGER.csv,RETAINED_ORIGINAL_ROW; R12_MAPPING_JUST_IN_TIME
FE,P12-202,P08,../2026-08-21--release-1.2.0-megaplan/EXECUTION-LEDGER.csv,RETAINED_ORIGINAL_ROW; R12_MAPPING_JUST_IN_TIME
FE,P12-203,P08,../2026-08-21--release-1.2.0-megaplan/EXECUTION-LEDGER.csv,RETAINED_ORIGINAL_ROW; R12_MAPPING_JUST_IN_TIME
FE,P12-204,P08,../2026-08-21--release-1.2.0-megaplan/EXECUTION-LEDGER.csv,RETAINED_ORIGINAL_ROW; R12_MAPPING_JUST_IN_TIME
FE,P12-205,P08,../2026-08-21--release-1.2.0-megaplan/EXECUTION-LEDGER.csv,RETAINED_ORIGINAL_ROW; R12_MAPPING_JUST_IN_TIME
FE,P12-206,P08,../2026-08-21--release-1.2.0-megaplan/EXECUTION-LEDGER.csv,RETAINED_ORIGINAL_ROW; R12_MAPPING_JUST_IN_TIME
FE,P12-207,P08,../2026-08-21--release-1.2.0-megaplan/EXECUTION-LEDGER.csv,RETAINED_ORIGINAL_ROW; R12_MAPPING_JUST_IN_TIME
FE,P12-208,P07,../2026-08-21--release-1.2.0-megaplan/EXECUTION-LEDGER.csv,RETAINED_ORIGINAL_ROW; R12_MAPPING_JUST_IN_TIME
FE,P12-209,P08,../2026-08-21--release-1.2.0-megaplan/EXECUTION-LEDGER.csv,RETAINED_ORIGINAL_ROW; R12_MAPPING_JUST_IN_TIME
FE,P12-210,P06,../2026-08-21--release-1.2.0-megaplan/EXECUTION-LEDGER.csv,RETAINED_ORIGINAL_ROW; R12_MAPPING_JUST_IN_TIME
FE_PR,PR-00,P01,../2026-08-21--release-1.2.0-megaplan/EXECUTION-LEDGER.csv,RETAINED_ORIGINAL_ROW; R12_MAPPING_JUST_IN_TIME
FE_PR,PR-01,P02,../2026-08-21--release-1.2.0-megaplan/EXECUTION-LEDGER.csv,RETAINED_ORIGINAL_ROW; R12_MAPPING_JUST_IN_TIME
FE_PR,PR-02,P02,../2026-08-21--release-1.2.0-megaplan/EXECUTION-LEDGER.csv,RETAINED_ORIGINAL_ROW; R12_MAPPING_JUST_IN_TIME
FE_PR,PR-03,P08,../2026-08-21--release-1.2.0-megaplan/EXECUTION-LEDGER.csv,RETAINED_ORIGINAL_ROW; R12_MAPPING_JUST_IN_TIME
FE_PR,PR-04,P08,../2026-08-21--release-1.2.0-megaplan/EXECUTION-LEDGER.csv,RETAINED_ORIGINAL_ROW; R12_MAPPING_JUST_IN_TIME
FE_PR,PR-05,P06,../2026-08-21--release-1.2.0-megaplan/EXECUTION-LEDGER.csv,RETAINED_ORIGINAL_ROW; R12_MAPPING_JUST_IN_TIME
FE_PR,PR-06,P08,../2026-08-21--release-1.2.0-megaplan/EXECUTION-LEDGER.csv,RETAINED_ORIGINAL_ROW; R12_MAPPING_JUST_IN_TIME
FE_PR,PR-07,P08,../2026-08-21--release-1.2.0-megaplan/EXECUTION-LEDGER.csv,RETAINED_ORIGINAL_ROW; R12_MAPPING_JUST_IN_TIME
FE_PR,PR-08,P04,../2026-08-21--release-1.2.0-megaplan/EXECUTION-LEDGER.csv,RETAINED_ORIGINAL_ROW; R12_MAPPING_JUST_IN_TIME
FE_PR,PR-09,P08,../2026-08-21--release-1.2.0-megaplan/EXECUTION-LEDGER.csv,RETAINED_ORIGINAL_ROW; R12_MAPPING_JUST_IN_TIME
FE_PR,PR-10,P11,../2026-08-21--release-1.2.0-megaplan/EXECUTION-LEDGER.csv,RETAINED_ORIGINAL_ROW; R12_MAPPING_JUST_IN_TIME
MKT,MKT-000,P09,../2026-08-21--release-1.2.0-megaplan/EXECUTION-LEDGER.csv,RETAINED_ORIGINAL_ROW; R12_MAPPING_JUST_IN_TIME
MKT,MKT-100,P06,../2026-08-21--release-1.2.0-megaplan/EXECUTION-LEDGER.csv,RETAINED_ORIGINAL_ROW; R12_MAPPING_JUST_IN_TIME
MKT,MKT-200,P06,../2026-08-21--release-1.2.0-megaplan/EXECUTION-LEDGER.csv,RETAINED_ORIGINAL_ROW; R12_MAPPING_JUST_IN_TIME
MKT,MKT-300,P09,../2026-08-21--release-1.2.0-megaplan/EXECUTION-LEDGER.csv,RETAINED_ORIGINAL_ROW; R12_MAPPING_JUST_IN_TIME
MKT,MKT-400,P06,../2026-08-21--release-1.2.0-megaplan/EXECUTION-LEDGER.csv,RETAINED_ORIGINAL_ROW; R12_MAPPING_JUST_IN_TIME
MKT,MKT-500,P09,../2026-08-21--release-1.2.0-megaplan/EXECUTION-LEDGER.csv,RETAINED_ORIGINAL_ROW; R12_MAPPING_JUST_IN_TIME
MKT,MKT-600,P06,../2026-08-21--release-1.2.0-megaplan/EXECUTION-LEDGER.csv,RETAINED_ORIGINAL_ROW; R12_MAPPING_JUST_IN_TIME
MKT,MKT-700,P08,../2026-08-21--release-1.2.0-megaplan/EXECUTION-LEDGER.csv,RETAINED_ORIGINAL_ROW; R12_MAPPING_JUST_IN_TIME
MKT,MKT-800,P09,../2026-08-21--release-1.2.0-megaplan/EXECUTION-LEDGER.csv,RETAINED_ORIGINAL_ROW; R12_MAPPING_JUST_IN_TIME
MKT,MKT-900,P09,../2026-08-21--release-1.2.0-megaplan/EXECUTION-LEDGER.csv,RETAINED_ORIGINAL_ROW; R12_MAPPING_JUST_IN_TIME
MKT_STAGE,STAGE-0,P09,../2026-08-21--release-1.2.0-megaplan/EXECUTION-LEDGER.csv,RETAINED_ORIGINAL_ROW; R12_MAPPING_JUST_IN_TIME
MKT_STAGE,STAGE-1,P09,../2026-08-21--release-1.2.0-megaplan/EXECUTION-LEDGER.csv,RETAINED_ORIGINAL_ROW; R12_MAPPING_JUST_IN_TIME
MKT_STAGE,STAGE-2,P09,../2026-08-21--release-1.2.0-megaplan/EXECUTION-LEDGER.csv,RETAINED_ORIGINAL_ROW; R12_MAPPING_JUST_IN_TIME
MKT_STAGE,STAGE-3,P09,../2026-08-21--release-1.2.0-megaplan/EXECUTION-LEDGER.csv,RETAINED_ORIGINAL_ROW; R12_MAPPING_JUST_IN_TIME
MKT_STAGE,STAGE-4,P09,../2026-08-21--release-1.2.0-megaplan/EXECUTION-LEDGER.csv,RETAINED_ORIGINAL_ROW; R12_MAPPING_JUST_IN_TIME
MKT_STAGE,STAGE-5,P09,../2026-08-21--release-1.2.0-megaplan/EXECUTION-LEDGER.csv,RETAINED_ORIGINAL_ROW; R12_MAPPING_JUST_IN_TIME
MKT_STAGE,STAGE-6,P09,../2026-08-21--release-1.2.0-megaplan/EXECUTION-LEDGER.csv,RETAINED_ORIGINAL_ROW; R12_MAPPING_JUST_IN_TIME
FRKN_ADOPT,ADOPT-01,P02,../2026-08-21--release-1.2.0-megaplan/EXECUTION-LEDGER.csv,RETAINED_ORIGINAL_ROW; R12_MAPPING_JUST_IN_TIME
FRKN_ADOPT,ADOPT-02,P04,../2026-08-21--release-1.2.0-megaplan/EXECUTION-LEDGER.csv,RETAINED_ORIGINAL_ROW; R12_MAPPING_JUST_IN_TIME
FRKN_ADOPT,ADOPT-03,P10,../2026-08-21--release-1.2.0-megaplan/EXECUTION-LEDGER.csv,RETAINED_ORIGINAL_ROW; R12_MAPPING_JUST_IN_TIME
FRKN_ADOPT,ADOPT-04,P04,../2026-08-21--release-1.2.0-megaplan/EXECUTION-LEDGER.csv,RETAINED_ORIGINAL_ROW; R12_MAPPING_JUST_IN_TIME
FRKN_ADOPT,ADOPT-05,P01,../2026-08-21--release-1.2.0-megaplan/EXECUTION-LEDGER.csv,RETAINED_ORIGINAL_ROW; R12_MAPPING_JUST_IN_TIME
FRKN_ADOPT,ADOPT-06,P08,../2026-08-21--release-1.2.0-megaplan/EXECUTION-LEDGER.csv,RETAINED_ORIGINAL_ROW; R12_MAPPING_JUST_IN_TIME
FRKN_ADOPT,ADOPT-07,P06,../2026-08-21--release-1.2.0-megaplan/EXECUTION-LEDGER.csv,RETAINED_ORIGINAL_ROW; R12_MAPPING_JUST_IN_TIME
FRKN_AWG,AWG-01,P10,../2026-08-21--release-1.2.0-megaplan/EXECUTION-LEDGER.csv,RETAINED_ORIGINAL_ROW; R12_MAPPING_JUST_IN_TIME
FRKN_AWG,AWG-02,P10,../2026-08-21--release-1.2.0-megaplan/EXECUTION-LEDGER.csv,RETAINED_ORIGINAL_ROW; R12_MAPPING_JUST_IN_TIME
FRKN_AWG,AWG-03,P10,../2026-08-21--release-1.2.0-megaplan/EXECUTION-LEDGER.csv,RETAINED_ORIGINAL_ROW; R12_MAPPING_JUST_IN_TIME
FRKN_AWG,AWG-04,P10,../2026-08-21--release-1.2.0-megaplan/EXECUTION-LEDGER.csv,RETAINED_ORIGINAL_ROW; R12_MAPPING_JUST_IN_TIME
FRKN_AWG,AWG-05,P10,../2026-08-21--release-1.2.0-megaplan/EXECUTION-LEDGER.csv,RETAINED_ORIGINAL_ROW; R12_MAPPING_JUST_IN_TIME
FRKN_AWG,AWG-06,P10,../2026-08-21--release-1.2.0-megaplan/EXECUTION-LEDGER.csv,RETAINED_ORIGINAL_ROW; R12_MAPPING_JUST_IN_TIME
FRKN_AWG,AWG-07,P10,../2026-08-21--release-1.2.0-megaplan/EXECUTION-LEDGER.csv,RETAINED_ORIGINAL_ROW; R12_MAPPING_JUST_IN_TIME
FRKN_AWG,AWG-08,P10,../2026-08-21--release-1.2.0-megaplan/EXECUTION-LEDGER.csv,RETAINED_ORIGINAL_ROW; R12_MAPPING_JUST_IN_TIME
FRKN_AWG,AWG-09,P10,../2026-08-21--release-1.2.0-megaplan/EXECUTION-LEDGER.csv,RETAINED_ORIGINAL_ROW; R12_MAPPING_JUST_IN_TIME
FRKN_AWG,AWG-10,P10,../2026-08-21--release-1.2.0-megaplan/EXECUTION-LEDGER.csv,RETAINED_ORIGINAL_ROW; R12_MAPPING_JUST_IN_TIME
FRKN_HY2,HY2-01,P10,../2026-08-21--release-1.2.0-megaplan/EXECUTION-LEDGER.csv,RETAINED_ORIGINAL_ROW; R12_MAPPING_JUST_IN_TIME
FRKN_SMART_DNS,SMARTDNS-01,P10,../2026-08-21--release-1.2.0-megaplan/EXECUTION-LEDGER.csv,RETAINED_ORIGINAL_ROW; R12_MAPPING_JUST_IN_TIME
FRKN_MONITOR,MONITOR-01,P10,../2026-08-21--release-1.2.0-megaplan/EXECUTION-LEDGER.csv,RETAINED_ORIGINAL_ROW; R12_MAPPING_JUST_IN_TIME
FRKN_MONITOR,MONITOR-02,P10,../2026-08-21--release-1.2.0-megaplan/EXECUTION-LEDGER.csv,RETAINED_ORIGINAL_ROW; R12_MAPPING_JUST_IN_TIME
FRKN_MONITOR,MONITOR-03,P10,../2026-08-21--release-1.2.0-megaplan/EXECUTION-LEDGER.csv,RETAINED_ORIGINAL_ROW; R12_MAPPING_JUST_IN_TIME
FRKN_MONITOR,MONITOR-04,P10,../2026-08-21--release-1.2.0-megaplan/EXECUTION-LEDGER.csv,RETAINED_ORIGINAL_ROW; R12_MAPPING_JUST_IN_TIME
FRKN_REJECT,REJECT-01,P10,../2026-08-21--release-1.2.0-megaplan/EXECUTION-LEDGER.csv,RETAINED_ORIGINAL_ROW; R12_MAPPING_JUST_IN_TIME
FRKN_REJECT,REJECT-02,P10,../2026-08-21--release-1.2.0-megaplan/EXECUTION-LEDGER.csv,RETAINED_ORIGINAL_ROW; R12_MAPPING_JUST_IN_TIME
FRKN_REJECT,REJECT-03,P10,../2026-08-21--release-1.2.0-megaplan/EXECUTION-LEDGER.csv,RETAINED_ORIGINAL_ROW; R12_MAPPING_JUST_IN_TIME
FRKN_REJECT,REJECT-04,P10,../2026-08-21--release-1.2.0-megaplan/EXECUTION-LEDGER.csv,RETAINED_ORIGINAL_ROW; R12_MAPPING_JUST_IN_TIME
FRKN_REJECT,REJECT-05,P10,../2026-08-21--release-1.2.0-megaplan/EXECUTION-LEDGER.csv,RETAINED_ORIGINAL_ROW; R12_MAPPING_JUST_IN_TIME
FRKN_REJECT,REJECT-06,P10,../2026-08-21--release-1.2.0-megaplan/EXECUTION-LEDGER.csv,RETAINED_ORIGINAL_ROW; R12_MAPPING_JUST_IN_TIME
FRKN_REJECT,REJECT-07,P10,../2026-08-21--release-1.2.0-megaplan/EXECUTION-LEDGER.csv,RETAINED_ORIGINAL_ROW; R12_MAPPING_JUST_IN_TIME
FRKN_REJECT,REJECT-08,P10,../2026-08-21--release-1.2.0-megaplan/EXECUTION-LEDGER.csv,RETAINED_ORIGINAL_ROW; R12_MAPPING_JUST_IN_TIME
FRKN_REJECT,REJECT-09,P10,../2026-08-21--release-1.2.0-megaplan/EXECUTION-LEDGER.csv,RETAINED_ORIGINAL_ROW; R12_MAPPING_JUST_IN_TIME
FRKN_REJECT,REJECT-10,P10,../2026-08-21--release-1.2.0-megaplan/EXECUTION-LEDGER.csv,RETAINED_ORIGINAL_ROW; R12_MAPPING_JUST_IN_TIME
FRKN_PLAN,W1-01,P10,../2026-08-21--release-1.2.0-megaplan/EXECUTION-LEDGER.csv,RETAINED_ORIGINAL_ROW; R12_MAPPING_JUST_IN_TIME
FRKN_PLAN,W1-02,P10,../2026-08-21--release-1.2.0-megaplan/EXECUTION-LEDGER.csv,RETAINED_ORIGINAL_ROW; R12_MAPPING_JUST_IN_TIME
FRKN_PLAN,W1-03,P10,../2026-08-21--release-1.2.0-megaplan/EXECUTION-LEDGER.csv,RETAINED_ORIGINAL_ROW; R12_MAPPING_JUST_IN_TIME
FRKN_PLAN,W1-04,P10,../2026-08-21--release-1.2.0-megaplan/EXECUTION-LEDGER.csv,RETAINED_ORIGINAL_ROW; R12_MAPPING_JUST_IN_TIME
FRKN_PLAN,W1-05,P10,../2026-08-21--release-1.2.0-megaplan/EXECUTION-LEDGER.csv,RETAINED_ORIGINAL_ROW; R12_MAPPING_JUST_IN_TIME
FRKN_PLAN,W3-01,P10,../2026-08-21--release-1.2.0-megaplan/EXECUTION-LEDGER.csv,RETAINED_ORIGINAL_ROW; R12_MAPPING_JUST_IN_TIME
FRKN_PLAN,W3-02,P10,../2026-08-21--release-1.2.0-megaplan/EXECUTION-LEDGER.csv,RETAINED_ORIGINAL_ROW; R12_MAPPING_JUST_IN_TIME
FRKN_PLAN,W3-03,P10,../2026-08-21--release-1.2.0-megaplan/EXECUTION-LEDGER.csv,RETAINED_ORIGINAL_ROW; R12_MAPPING_JUST_IN_TIME
FRKN_PLAN,W3-04,P10,../2026-08-21--release-1.2.0-megaplan/EXECUTION-LEDGER.csv,RETAINED_ORIGINAL_ROW; R12_MAPPING_JUST_IN_TIME
FRKN_PLAN,W6-01,P10,../2026-08-21--release-1.2.0-megaplan/EXECUTION-LEDGER.csv,RETAINED_ORIGINAL_ROW; R12_MAPPING_JUST_IN_TIME
FRKN_PLAN,W6-02,P10,../2026-08-21--release-1.2.0-megaplan/EXECUTION-LEDGER.csv,RETAINED_ORIGINAL_ROW; R12_MAPPING_JUST_IN_TIME
FRKN_PLAN,W6-03,P10,../2026-08-21--release-1.2.0-megaplan/EXECUTION-LEDGER.csv,RETAINED_ORIGINAL_ROW; R12_MAPPING_JUST_IN_TIME
FRKN_PLAN,W6-04,P10,../2026-08-21--release-1.2.0-megaplan/EXECUTION-LEDGER.csv,RETAINED_ORIGINAL_ROW; R12_MAPPING_JUST_IN_TIME
FRKN_PLAN,W6-05,P10,../2026-08-21--release-1.2.0-megaplan/EXECUTION-LEDGER.csv,RETAINED_ORIGINAL_ROW; R12_MAPPING_JUST_IN_TIME
FRKN_PLAN,W9-01,P10,../2026-08-21--release-1.2.0-megaplan/EXECUTION-LEDGER.csv,RETAINED_ORIGINAL_ROW; R12_MAPPING_JUST_IN_TIME
FRKN_PLAN,W9-02,P10,../2026-08-21--release-1.2.0-megaplan/EXECUTION-LEDGER.csv,RETAINED_ORIGINAL_ROW; R12_MAPPING_JUST_IN_TIME
FRKN_PLAN,W9-03,P10,../2026-08-21--release-1.2.0-megaplan/EXECUTION-LEDGER.csv,RETAINED_ORIGINAL_ROW; R12_MAPPING_JUST_IN_TIME
FRKN_PLAN,W9-04,P10,../2026-08-21--release-1.2.0-megaplan/EXECUTION-LEDGER.csv,RETAINED_ORIGINAL_ROW; R12_MAPPING_JUST_IN_TIME
FRKN_PLAN,W9-05,P10,../2026-08-21--release-1.2.0-megaplan/EXECUTION-LEDGER.csv,RETAINED_ORIGINAL_ROW; R12_MAPPING_JUST_IN_TIME
FRKN_UNCERTAINTY,UNCERT-01,P10,../2026-08-21--release-1.2.0-megaplan/EXECUTION-LEDGER.csv,RETAINED_ORIGINAL_ROW; R12_MAPPING_JUST_IN_TIME
FRKN_UNCERTAINTY,UNCERT-02,P10,../2026-08-21--release-1.2.0-megaplan/EXECUTION-LEDGER.csv,RETAINED_ORIGINAL_ROW; R12_MAPPING_JUST_IN_TIME
FRKN_UNCERTAINTY,UNCERT-03,P10,../2026-08-21--release-1.2.0-megaplan/EXECUTION-LEDGER.csv,RETAINED_ORIGINAL_ROW; R12_MAPPING_JUST_IN_TIME
FRKN_UNCERTAINTY,UNCERT-04,P10,../2026-08-21--release-1.2.0-megaplan/EXECUTION-LEDGER.csv,RETAINED_ORIGINAL_ROW; R12_MAPPING_JUST_IN_TIME
